34.6,45.2,21.5,23.7,0.552742616033755,13.4764113962186
39.4,49.6,20.3,29.3,0.651877133105802,8.55326904572264
34.7,52.2,20,32.2,0.456521739130435,20.9514174706846
89.8,54.4,19.6,34.8,2.01724137931034,0.0163227189015738
36.5,52.1,19.3,32.8,0.524390243902439,15.3476720281645
21.6,56.6,20,36.6,0.0437158469945356,139.117534631292
26.8,52.2,20,32.2,0.211180124223603,64.5431536464048
29.7,54.6,19.3,35.3,0.294617563739377,44.0221527283893
31.4,55.5,20.3,35.2,0.315340909090909,40.0310926483706
21.6,52.5,19.6,32.9,0.060790273556231,128.639825375355
26,52.7,18.6,34.1,0.217008797653959,62.8407635478498
23.5,54.8,19.3,35.5,0.11830985915493,98.8134486261372
43.3,55.8,20.2,35.6,0.648876404494382,8.67178617064859
18.3,52.8,18.2,34.6,0.00289017341040467,167.761647419765
26,49.5,20.4,29.1,0.192439862542955,70.3354689841134
33,46.6,21.5,25.1,0.458167330677291,20.793900128518
29.6,48.6,20.2,28.4,0.330985915492958,37.2595778998418
33,52.1,19.3,32.8,0.417682926829268,25.0361226485585
29.8,52.8,18.3,34.5,0.333333333333333,36.8606233560881
27.7,54.7,18.2,36.5,0.26027397260274,51.531405704146
26.5,54.5,19.3,35.2,0.204545454545455,66.5371476723919
38.4,54.8,19.6,35.2,0.534090909090909,14.6798661384374
42.3,52.7,18.6,34.1,0.695014662756598,7.01805706549162
29.5,48.2,21.5,26.7,0.299625468164794,43.0226581360004
28.3,52.1,20.6,31.5,0.244444444444444,55.4113852823135
33.3,46.6,21,25.1,0.49003984063745,17.9662232016212
46.5,52.2,21.6,30.6,0.813725490196078,4.0717906285
47,56.6,22.2,34.4,0.72093023255814,6.23163379947905
25.7,54.7,19,35.7,0.187675070028011,71.8892956010373
25.9,55.9,20.6,35.3,0.15014164305949,85.3921613441847
25.6,54.8,19.6,35.2,0.170454545454545,77.7967826021574
44,39.9,21.5,18.4,1.22282608695652,0.623730038885636
28.5,57.4,19.2,38.2,0.243455497382199,55.6632619052236
29.3,52.5,20.5,32,0.275,48.1662425623824
31.9,57.4,19.2,38.2,0.332460732984293,37.0084245435525
31,66.8,24.2,42.6,0.15962441314554,81.7582456947541
29.9,56.6,20.4,36.2,0.262430939226519,51.0241816637563
29.3,55.8,19.6,36.2,0.267955801104972,49.7476315026798
37.3,48.5,20,28.5,0.607017543859649,10.5069611398841
37.7,49.6,21.5,28.1,0.576512455516014,12.0846159143639
43.6,52.4,19.6,32.8,0.731707317073171,5.93113282072047
46.8,64.5,21.5,43,0.588372093023256,11.4449131429153
27,52.5,19.6,32.9,0.224924012158055,60.6006171746641
28.1,54.8,19.6,35.2,0.241477272727273,56.1705402711046
44.6,55.9,20,35.9,0.685236768802229,7.33991656480936
40.8,59.6,21.5,38.1,0.506561679790026,16.6552411610047
32.1,59.9,21.7,38.2,0.272251308900524,48.7772400464462
31.8,64.3,20.3,44,0.261363636363636,51.2745374436385
36,62.5,19.6,42.9,0.382284382284382,29.4488873670992
25,52.1,19.6,32.5,0.166153846153846,79.3463880380359
36.3,52.8,18.2,34.6,0.523121387283237,15.4372394042749
34.8,57.4,20.6,36.8,0.385869565217391,28.9686615687245
26.6,53.2,20,33.2,0.198795180722892,68.3151085289916
27.5,54.9,19,35.9,0.236768802228412,57.3966133023821
35.5,55.7,17.6,38.1,0.469816272965879,19.7122063182346
36.1,53.9,20.9,33,0.460606060606061,20.5626382862016
35.1,54.6,22.3,32.3,0.396284829721362,27.6175263802134
37.7,52.6,19.6,33,0.548484848484849,13.7421372014334
42,57.6,21.6,36,0.566666666666667,12.6427719194257
35.2,56.6,20.8,35.8,0.402234636871508,26.874153418064
32.2,59.6,22.5,37.1,0.261455525606469,51.2529348679179
34,52.8,19.6,33.2,0.433734939759036,23.2593159779065
34.4,54.8,22.3,32.5,0.372307692307692,30.8275529771363
25.3,49.6,21.3,28.3,0.141342756183746,88.9083163186371
35.5,54.4,19.3,35.1,0.461538461538462,20.4749010461962
53.5,57,23.6,33.4,0.895209580838323,2.80218586048601
22.2,64.7,19.6,45.1,0.0576496674057649,130.505993619708
28.6,66.6,20.8,45.8,0.170305676855895,77.8499130660189
29.7,67.5,18.6,48.9,0.226993865030675,60.0281012798944
43.9,64.7,18.6,46.1,0.54880694143167,13.7218535845243
27.9,45.3,21.5,23.8,0.26890756302521,49.5309689276235
29,43.5,20.3,23.2,0.375,30.4492706613924
36.1,48.6,21.5,27.1,0.538745387453875,14.3698410041351
33.3,52.8,19.6,33.2,0.412650602409638,25.6206263830443
43.4,52.8,17.9,34.9,0.730659025787966,5.95971494986564
41.6,53.6,21.6,32,0.625,9.67525032278182
37.1,56.6,21.8,34.8,0.439655172413793,22.636321604376
34.8,43.4,20.2,23.2,0.629310344827586,9.48587667596542
41.3,42.8,18.3,24.5,0.938775510204082,2.29471351477952
39.5,54.7,20.3,34.4,0.558139534883721,13.146962969969
27,58.8,21.6,37.2,0.145161290322581,87.3649372036971
25.2,54.8,22.3,32.5,0.0892307692307692,112.90981092255
28.2,59.9,21,38.9,0.185089974293059,72.7466262142039
22.1,58.9,20,38.9,0.0539845758354756,132.718073572554
24.7,54.5,20.3,34.2,0.128654970760234,94.2349760843916
25.6,55,18.3,36.7,0.198910081743869,68.27912060055
30.7,59.9,20.8,39.1,0.253196930946292,53.231296187765
35.4,56,23.6,32.4,0.364197530864198,31.9957081473945
38.7,54.7,19.6,35.1,0.544159544159544,14.0174433743811
27,55.8,18.3,37.5,0.232,58.6656779963992
25.9,55.1,19.3,35.8,0.184357541899441,72.9913863001964
31.4,54.8,18.3,36.5,0.358904109589041,32.7819222106647
45.6,56.6,21.4,35.2,0.6875,7.26412884929597
33.9,57.5,20.6,36.9,0.360433604336043,32.5527875471011
34.9,58.9,20.3,38.6,0.378238341968912,30.0004122453146
33.8,52,22,30,0.393333333333333,27.9938835122046
41.1,54.6,21.5,33.1,0.59214501510574,11.2485910465392
32.9,56.6,20.2,36.4,0.348901098901099,34.3207681185778
31.4,56.9,20.3,36.6,0.30327868852459,42.3078807258539
47.8,64.5,21.6,42.9,0.610722610722611,10.3299423366023
39.5,66.4,18.6,47.8,0.437238493723849,22.8885907898929
36.8,64.8,19.9,44.9,0.376391982182628,30.2555143998476
37,64.7,18,46.7,0.406852248394004,26.3110442977419
42.2,64.6,21.5,43.1,0.480278422273782,18.7887637213868
51.7,64,24.6,39.4,0.687817258883249,7.25356767895344
32.8,59.6,21.2,38.4,0.302083333333333,42.5404432709546
30.6,58.5,21.5,37,0.245945945945946,55.0311424713139
36.7,53,20.2,32.8,0.503048780487805,16.9257305206384
33,52.2,19.3,32.9,0.416413373860182,25.1823112065276
34.3,54.7,18.6,36.1,0.434903047091413,23.1350513318692
33,54.7,18.6,36.1,0.398891966759003,27.2892908614741
242.2,52.7,18.6,34.1,6.55718475073314,1.48174890767169E-11
26,52.8,18.9,33.9,0.209439528023599,65.0604189129228
35.9,54.7,19.3,35.4,0.468926553672316,19.7928007743765
35.2,56.6,24.2,32.4,0.339506172839506,35.831788470605
28.4,46.5,20.1,26.4,0.314393939393939,40.2053164565706
33,49.6,21.5,28.1,0.409252669039146,26.022994325786
32.3,57.5,20.3,37.2,0.32258064516129,38.7238349798388
34.6,61.2,19.3,41.9,0.365155131264916,31.8555064076103
41.8,52.5,18.5,34,0.685294117647059,7.33798642261931
32,59.6,23.4,36.2,0.237569060773481,57.186356272517
34.2,55.8,21,34.8,0.379310344827586,29.8532871740743
24.6,56.9,21.5,35.4,0.0875706214689266,113.772716571099
24,54.7,19.6,35.1,0.125356125356125,95.6714373888671
44.7,59.9,20.3,39.6,0.616161616161616,10.0754686146113
23.1,42.5,19.6,22.9,0.152838427947598,84.3425895363139
27.3,48.6,22,26.6,0.199248120300752,68.1733540872915
25.8,52.2,19.3,32.9,0.197568389057751,68.7005340267692
45.9,58.5,20.4,38.1,0.669291338582677,7.89676071938299
31,46.6,21.5,25.1,0.378486055776892,29.9663509315079
26.2,52,20,32,0.19375,69.9141433864134
23.5,52.2,20.3,31.9,0.100313479623824,107.314573314747
27.7,56.6,21.8,34.8,0.169540229885057,78.1236707593829
22.3,54.8,19.6,35.2,0.0767045454545454,119.585808254707
35.6,53.5,18.2,35.3,0.492917847025496,17.7306551944261
33.3,57.4,20.3,37.1,0.350404312668464,34.0849852354278
32.9,48.9,20,28.9,0.44636678200692,21.9502069720999
35.3,56.6,21.4,35.2,0.394886363636364,27.7952154478777
34.5,51.8,18.6,33.2,0.478915662650602,18.9065530265777
29.1,55.7,20.3,35.4,0.248587570621469,54.3684953666712
33.3,58.6,20,38.6,0.344559585492228,35.010943303429
35.1,57.8,20.3,37.5,0.394666666666667,27.8232338603971
36.6,58.6,21.6,37,0.405405405405405,26.4862029963984
29.6,52.5,19.3,33.2,0.310240963855422,40.97838088699
32.1,54.4,18.3,36.1,0.382271468144044,29.4506314931449
35.1,58.2,19.3,38.9,0.406169665809769,26.3935347751115
40.2,54.7,22.3,32.4,0.552469135802469,13.4933237159941
39.1,52.5,19.6,32.9,0.592705167173252,11.2197323315289
40.1,54.8,18.6,36.2,0.593922651933702,11.1572632958921
34.6,56.6,21.4,35.2,0.375,30.4492706613924
35.6,54.7,19.3,35.4,0.46045197740113,20.5771733922089
34.8,54.5,21.7,32.8,0.399390243902439,27.2270038166537
43.4,53.2,20.3,32.9,0.702127659574468,6.79282197731242
37.3,55.8,19.6,36.2,0.488950276243094,18.0562197348232
52.8,54.5,22.4,32.1,0.947040498442368,2.20936483523073
39.9,59.8,22.3,37.5,0.469333333333333,19.7559121824682
28.7,43.2,18.6,24.6,0.410569105691057,25.8663633836224
29.3,57.8,23.6,34.2,0.166666666666667,79.1600023404178
43.5,59.6,21.6,38,0.576315789473684,12.0955199862317
37.4,56.8,24.2,32.6,0.404907975460123,26.5466921759172
43.3,58.6,20.3,38.3,0.600522193211488,10.8246446398956
41,57,22.3,34.7,0.538904899135447,14.3593330968004
34.3,45.2,20,25.2,0.567460317460317,12.5968402456433
34.6,54.8,20.6,34.2,0.409356725146199,26.0105791795968
31.7,54.4,18.6,35.8,0.365921787709497,31.7437036067361
45.2,54.9,19.3,35.6,0.727528089887641,6.0459039589802
47,55.8,19.6,36.2,0.756906077348066,5.28384803352587
22.4,56.8,20.3,36.5,0.0575342465753424,130.575090781908
29.9,57.8,20.9,36.9,0.24390243902439,55.5492880900362
41.4,61.5,22.3,39.2,0.487244897959184,18.1979875175509
31.3,46.6,21.5,25.1,0.390438247011952,28.3680298381996
39.6,43.8,19,24.8,0.830645161290323,3.76779467238606
37.5,54.5,23.8,30.7,0.446254071661238,21.961555649771
41.1,52.5,21.5,31,0.632258064516129,9.35850814141232
37.3,54.8,19.3,35.5,0.507042253521127,16.6185751987895
28.1,57.4,18.5,38.9,0.246786632390746,54.8193862018193
29.7,56.8,22.2,34.6,0.216763005780347,62.9116371290377
35.7,54.7,18.3,36.4,0.478021978021978,18.9841987465428
35.3,55,20,35,0.437142857142857,22.8986316045921
45.7,59.9,22.7,37.2,0.618279569892473,9.97808073189877
45.3,57.9,21.3,36.6,0.655737704918033,8.40317081107351
33.1,62.6,20,42.6,0.307511737089202,41.4944949707647
38.9,59.6,20.3,39.3,0.473282442748092,19.4013436708963
40.5,56.8,19.3,37.5,0.565333333333333,12.7203144738519
48.4,52.4,18.3,34.1,0.882697947214076,2.96767160796049
44,59.6,21.4,38.2,0.591623036649215,11.2755498881158
40,66.6,21.5,45.1,0.41019955654102,25.9102372852127
25.6,56,20,36,0.155555555555556,83.298146893597
32.4,57.4,21.6,35.8,0.301675977653631,42.6199881309047
38.5,52,18.3,33.7,0.599406528189911,10.8801697675332
41.7,55.8,18.9,36.9,0.617886178861789,9.99609820536624
33.9,59.6,21.5,38.1,0.325459317585302,38.2159823448717
31.9,57.1,19.6,37.5,0.328,37.7732936876569
29.5,59.9,21.6,38.3,0.206266318537859,66.0141150446937
31.7,57.8,22.3,35.5,0.264788732394366,50.4754417840298
29.3,54,19.9,34.1,0.275659824046921,48.0207152141581
27,56.8,21.5,35.3,0.155807365439094,83.2020104634751
32.4,52.2,19.3,32.9,0.398176291793313,27.3790030757166
34.5,54.7,19.9,34.8,0.419540229885057,24.8237824523661
34.3,54.8,18.3,36.5,0.438356164383562,22.7715732439725
32.7,55.6,20.6,35,0.345714285714286,34.8260359003414
33.3,54.7,17.6,37.1,0.423180592991914,24.4128001331792
36,58.8,20.9,37.9,0.398416886543536,27.3488108713311
31.7,54,20,34,0.344117647058824,35.0819724126697
35.2,58.6,20.9,37.7,0.379310344827586,29.8532871740743
33.8,57.5,19.3,38.2,0.379581151832461,29.8162350578523
36.4,54.7,18.2,36.5,0.498630136986301,17.27220770862
36.6,59.6,20.5,39.1,0.411764705882353,25.7249267551317
27.2,52.5,21.4,31.1,0.186495176848875,72.2793390926849
30.8,53.5,19.6,33.9,0.330383480825959,37.3626588850934
33.7,52.7,19.3,33.4,0.431137724550898,23.5380079385413
21.6,52.5,19.6,32.9,0.060790273556231,128.639825375355
21.3,54.6,20.3,34.3,0.0291545189504373,148.724688835042
38.7,54.7,18.3,36.4,0.56043956043956,13.0090197700689
28.3,56.6,21.5,35.1,0.193732193732194,69.9198527314341
26,59.6,21.4,38.2,0.120418848167539,97.862356715247
38.8,52.4,19.6,32.8,0.585365853658537,11.6037911611256
32.9,49.6,21.5,28.1,0.405693950177936,26.4511781516385
37.9,46.6,18.2,28.4,0.693661971830986,7.061728135434
35.4,52.2,20,32.2,0.478260869565217,18.9634120350141
32.4,55.5,21.3,34.2,0.324561403508772,38.3736726154617
33.6,54.6,19.3,35.3,0.405099150141643,26.5234283552921
40.5,57.6,20.3,37.3,0.541554959785523,14.1858790795672
33.3,52.2,19.3,32.9,0.425531914893617,24.1509692394669
50.5,67.5,21,46.5,0.634408602150538,9.26666547669149
51.4,62.8,19.3,43.5,0.737931034482759,5.76424097795095
20,46,20,26,0,170
25,48.6,21.3,27.3,0.135531135531136,91.3097494345516
30.8,48.9,21.2,27.7,0.346570397111913,34.6895736040196
41,42.8,19.6,23.2,0.922413793103448,2.47352002282147
47.5,52.5,20,32.5,0.846153846153846,3.50912808092491
51,56.6,22.2,34.4,0.837209302325581,3.65606323664942
24.7,46,20.3,25.7,0.171206225680934,77.5290649258184
31.9,47.5,21.6,25.9,0.397683397683398,27.4409604214936
29.1,42.8,18.3,24.5,0.440816326530612,22.5161033165781
33.9,46.9,20,26.9,0.516728624535316,15.8965119601802
34.2,47.5,21.5,26,0.488461538461539,18.0967351365496
36.1,45.8,18.2,27.6,0.648550724637681,8.68474764591322
20.9,58.9,20.2,38.7,0.0180878552971576,156.467479376516
46.2,54.8,20,34.8,0.752873563218391,5.38247114853019
47.1,59.6,21.5,38.1,0.671916010498688,7.80227992981814
42.9,62.3,20.8,41.5,0.532530120481928,14.7853174542345
45.3,66.8,22.3,44.5,0.51685393258427,15.887379524031
27.1,56.6,19.3,37.3,0.209115281501341,65.1572345997894
22.4,64.9,20.3,44.6,0.0470852017937219,136.984449193888
25.6,57.6,19.3,38.3,0.164490861618799,79.953827620517
30,55.8,20.5,35.3,0.269121813031162,49.4823265335138
20,54.7,19.3,35.4,0.019774011299435,155.262236947036
25.4,54.8,20.3,34.5,0.147826086956522,86.3037771950027
30.1,52.1,19.3,32.8,0.329268292682927,37.5542289045064
25.6,57.8,20.8,37,0.12972972972973,93.771652955346
27,55.8,19.3,36.5,0.210958904109589,64.6086663804613
24.3,62.5,20.9,41.6,0.0817307692307693,116.860871473026
29.8,54.7,20,34.7,0.282420749279539,46.5546609689619
39.4,56.9,21.6,35.3,0.504249291784703,16.8328019339899
34.8,52.8,19.3,33.5,0.462686567164179,20.3673805015669
33.9,52.8,18,34.8,0.456896551724138,20.9154354951373
39.7,56.6,21.4,35.2,0.519886363636364,15.6679689590108
26.4,57.4,20,37.4,0.171122994652406,77.5586629900764
34.9,59.6,22.3,37.3,0.337801608579088,36.1129857014838
28.1,52.8,19.6,33.2,0.256024096385542,52.5455924027342
39.2,57.4,19.3,38.1,0.522309711286089,15.4948087771833
31,58.6,20.7,37.9,0.271767810026385,48.8855142196936
29.1,49.6,21.2,28.4,0.278169014084507,47.4713053350875
41.4,57.6,21.6,36,0.55,13.6469818975192
26.9,57.4,21,36.4,0.162087912087912,80.8397785106561
46.9,59.6,20.3,39.3,0.676844783715013,7.62790180374361
36,57.4,19,38.4,0.442708333333333,22.3215835286351
37.6,53.2,21,32.2,0.515527950310559,15.984283528551
42.8,55.7,19.6,36.1,0.642659279778393,8.92259028688465
45.2,54.8,18,36.8,0.739130434782609,5.73262234815488
25.7,40.5,18.6,21.9,0.324200913242009,38.4371642576778
39.4,48.6,22.7,25.9,0.644787644787645,8.83592405551344
31.6,64.5,21.5,43,0.234883720930233,57.8949530624352
35.9,66,21.9,44.1,0.317460317460317,39.6438939894664
25,52.8,21.6,31.2,0.108974358974359,103.135739550568
26.1,46.3,20.5,25.8,0.217054263565892,62.8276622989089
27.8,56.6,19.3,37.3,0.227882037533512,59.7840964758889
37.9,51.4,19.6,31.8,0.575471698113208,12.1424321489923
38.4,54.8,20,34.8,0.528735632183908,15.0448540647566
36.2,64.6,20.3,44.3,0.358916478555305,32.7800627537587
46.4,68.6,19.6,49,0.546938775510204,13.8399184139315
20.8,43.2,20.5,22.7,0.013215859030837,160.002747506111
36.2,48.6,21.5,27.1,0.542435424354244,14.1287151263901
33.3,52.8,18.6,34.2,0.429824561403509,23.6801842845755
34.7,54.8,19.3,35.5,0.433802816901409,23.2520768956533
23.5,48,20,28,0.125,95.8278135323902
22.6,53.2,21.2,32,0.0437500000000001,139.095747131051
31.7,57.6,20.9,36.7,0.294277929155313,44.090772941064
33.3,55.9,18.6,37.3,0.394101876675603,27.8953924055448
20.7,47.5,20,27.5,0.0254545454545454,151.269772414419
31.1,52.5,18.6,33.9,0.368731563421829,31.3372932079538
24.5,57.4,20,37.4,0.120320855614973,97.9063449914158
34.6,59.6,21.6,38,0.342105263157895,35.4072326570047
29,45.8,20.3,25.5,0.341176470588235,35.5583681889781
39.8,42.8,18.3,24.5,0.877551020408163,3.03855263328044
23.4,56.7,17.6,39.1,0.148337595907928,86.1015663795799
26.3,55.4,19.3,36.1,0.193905817174515,69.8642025487677
40,52.5,21.5,31,0.596774193548387,11.0123088779984
37.4,54.5,19.3,35.2,0.514204545454545,16.0815885079394
36.8,49.6,21.5,28.1,0.544483985765125,13.9966026447917
34.8,57,18.6,38.4,0.421875,24.5594078455171
38.8,52.5,18.3,34.2,0.599415204678362,10.8797368535246
48.1,51.4,18.6,32.8,0.899390243902439,2.74897305651685
41.3,55.7,19.6,36.1,0.601108033240997,10.7956017358816
33.6,49.6,20.3,29.3,0.453924914675768,21.2024183124752
29.6,46.6,19.3,27.3,0.377289377289377,30.1312560714119
28.3,52.6,21.3,31.3,0.223642172523962,60.9579052128234
29,54.8,19.6,35.2,0.267045454545455,49.9557528572471
29.1,52.5,18.6,33.9,0.309734513274336,41.0736664093795
32.5,52.2,21.5,30.7,0.358306188925081,32.8719349867303
24.5,46.5,20,26.5,0.169811320754717,78.0266067527431
36.5,57.4,21.3,36.1,0.421052631578947,24.6522048862752
23,56.9,21.5,35.4,0.0423728813559322,139.976974387039
22.1,57.6,19.3,38.3,0.0731070496083551,121.575097690852
32.1,55.8,20,35.8,0.337988826815643,36.08199326379
34.1,61.3,19.9,41.4,0.342995169082126,35.2630274958336
28.7,63.2,22.6,40.6,0.150246305418719,85.3511848386475
25.5,56.5,21.2,35.3,0.121813031161473,97.2386528474916
27.2,52.2,18.6,33.6,0.255952380952381,52.5628766691403
38.8,54.7,19.3,35.4,0.550847457627119,13.5940470613868
33.9,54.8,18.3,36.5,0.427397260273973,23.9452531813429
46.8,55.8,20.3,35.5,0.746478873239437,5.54265377184036
42.9,54.7,19.6,35.1,0.663817663817664,8.09749466934552
30.5,61.3,22.3,39,0.21025641025641,64.8171460316259
30.5,54.6,21.5,33.1,0.27190332326284,48.8551433254791
33.6,66,19.9,46.1,0.297180043383948,43.5078568764421
40.9,62.4,18.6,43.8,0.509132420091324,16.4600400691444
35.6,64.8,18.3,46.5,0.372043010752688,30.8649947969782
28.8,57.4,19,38.4,0.255208333333333,52.7425367647593
40.6,56.6,21.4,35.2,0.545454545454546,13.9344428825799
43.3,52.4,18.6,33.8,0.730769230769231,5.95670369449767
37.5,55.8,18.6,37.2,0.508064516129032,16.5408486695369
20.7,54.8,19.6,35.2,0.0312499999999999,147.302319597912
23,58.8,20,38.8,0.077319587628866,119.24898441548
22.5,58.8,19.3,39.5,0.0810126582278481,117.246355714364
31.6,57.8,20.9,36.9,0.289972899728997,44.9698937891643
38.4,58.6,21.6,37,0.454054054054054,21.18986535348
29,50.4,21.6,28.8,0.256944444444444,52.3242814943371
24.4,52,20,32,0.1375,90.48901168432
28.7,57.6,19.6,38,0.239473684210526,56.6890351959848
42,55.8,20.3,35.5,0.611267605633803,10.304156670769
33.9,57,19.6,37.4,0.382352941176471,29.4396298392903
31.3,54,19.3,34.7,0.345821325648415,34.8089446473783
32.4,65,22.6,42.4,0.231132075471698,58.8996485821688
32.3,64.8,19.6,45.2,0.280973451327434,46.864683879776
37.1,66,22,44,0.343181818181818,35.2328564577859
42.5,64.1,19.3,44.8,0.517857142857143,15.8144545618742
33.9,56.6,21.5,35.1,0.353276353276353,33.6389929178817
37.2,55.8,20.6,35.2,0.471590909090909,19.5524312055775
30.8,54.7,20,34.7,0.311239193083574,40.7912170221258
29.1,58.9,22.6,36.3,0.179063360881543,74.7852266187237
36.2,52.7,18.6,34.1,0.516129032258065,15.9402828841941
45.8,54.8,19.6,35.2,0.744318181818182,5.59784811504905
36.5,52.8,17.6,35.2,0.536931818181818,14.4898528135445
36.5,47.4,20.3,27.1,0.597785977859779,10.961330059612
31.6,43.5,21.5,22,0.459090909090909,20.7060138772367
36.1,46.6,20.5,26.1,0.597701149425287,10.9655950671136
36,58.6,21.4,37.2,0.39247311827957,28.1045351160624
39.9,56.6,20.8,35.8,0.533519553072626,14.7183810241726
27.3,52.5,18.6,33.9,0.256637168141593,52.3980666482573
48.7,57.6,21.6,36,0.752777777777778,5.38483601822561
40.7,48.6,20.3,28.3,0.720848056537103,6.23398267219728
30.2,54.5,18.6,35.9,0.323119777158774,38.6282108908739
20.5,52.5,19.6,32.9,0.0273556231003039,149.956693432378
22.9,54.7,21.6,33.1,0.039274924471299,141.979837530705
38.3,52.8,19.9,32.9,0.559270516717325,13.0789509137095
31.5,54.7,18.3,36.4,0.362637362637363,32.2254543586803
30,51.5,18,33.5,0.358208955223881,32.8865961872397
31.5,46.6,21.4,25.2,0.400793650793651,27.0523342400907
40.1,47.6,21.2,26.4,0.715909090909091,6.37679308010734
39.6,51.5,19.3,32.2,0.630434782608696,9.43708741368812
33,46.3,20,26.3,0.494296577946768,17.6189013023366
32.3,57.4,20,37.4,0.328877005347594,37.6216778196723
29.8,59.6,21.8,37.8,0.211640211640212,64.4071147613626
47.4,52.1,20,32.1,0.853582554517134,3.39159329526811
38.9,57.6,21.5,36.1,0.481994459833795,18.6414823399286
32.4,53.5,20.6,32.9,0.358662613981763,32.8182479762633
45.8,58.8,21.3,37.5,0.653333333333333,8.4963399189288
27.1,52.1,19.6,32.5,0.230769230769231,58.9977387520348
35.6,55.7,18.6,37.1,0.45822102425876,20.7887805350869
49.3,64.5,19.3,45.2,0.663716814159292,8.10124056909075
34.7,64,20,44,0.334090909090909,36.7327838273224
41.5,66.6,18.3,48.3,0.480331262939959,18.7842112787233
26.9,42.8,18,24.8,0.358870967741935,32.7869050254403
21.6,47.5,21.6,25.9,0,170
34.3,42.8,19.6,23.2,0.633620689655172,9.30020963899498
34,40.3,18,22.3,0.717488789237668,6.33076371995319
31.7,58.9,20.8,38.1,0.286089238845144,45.7779972766721
27.2,57.4,20,37.4,0.192513368983957,70.3117630430524
26.1,58.6,21.6,37,0.121621621621622,97.3240461387422
35.2,55.8,20.3,35.5,0.419718309859155,24.8035179319593
28.4,54.7,19.6,35.1,0.250712250712251,53.841317247364
28.7,57.4,20.3,37.1,0.226415094339623,60.1876407833317
36.2,45.5,19.6,25.9,0.640926640926641,8.99376998956978
28,58.8,21.4,37.4,0.176470588235294,75.6797575915995
24.6,59.6,21,38.6,0.0932642487046633,110.840471744476
27.6,58.5,20,38.5,0.197402597402597,68.7527879021987
27.7,57.4,19.3,38.1,0.220472440944882,61.8504776488693
49.6,54.8,19.3,35.5,0.853521126760563,3.3925488602155
29.7,56.6,21.5,35.1,0.233618233618234,58.2319220514809
43.2,52.2,19.6,32.6,0.723926380368098,6.14659530986158
40.7,47.5,21.6,25.9,0.737451737451738,5.77692493805916
45.3,42,19.3,22.7,1.14537444933921,0.889721101908208
26.5,52.1,19.5,32.6,0.214723926380368,63.5026921298906
36.4,59.3,23.4,35.9,0.362116991643454,32.3024490971802
30.7,58.6,24.2,34.4,0.188953488372093,71.4690575514622
40.9,52.1,19.6,32.5,0.655384615384615,8.41678871652721
37.5,52.4,18.6,33.8,0.559171597633136,13.0848853862101
47.2,55.3,21.4,33.9,0.761061946902655,5.1840984992714
36.2,54.9,19.3,35.6,0.474719101123596,19.2739387943406
28.2,56.6,21.4,35.2,0.193181818181818,70.0965535037819
24.5,58.6,20.7,37.9,0.100263852242744,107.338999750284
33.3,56.9,20,36.9,0.360433604336043,32.5527875471011
35.8,59.6,22.2,37.4,0.363636363636364,32.0781549064364
19.6,54.8,19.3,35.5,0.00845070422535213,163.53774403462
20,42.5,18.6,23.9,0.0585774058577405,129.951925594924
30,56.8,21,35.8,0.251396648044693,53.6725946569075
25.2,54.7,18.8,35.9,0.178272980501393,75.0567891833969
24.7,54,20,34,0.138235294117647,90.1843937073778
34.8,56.9,22.2,34.7,0.363112391930836,32.1553286773608
36.4,57.5,21.3,36.2,0.417127071823204,25.1000244145893
31.3,58.5,22.6,35.9,0.242339832869081,55.9487870575633
33.7,64.6,22.3,42.3,0.269503546099291,49.395777858629
29.3,67.6,22.1,45.5,0.158241758241758,82.2783058640502
32.7,68.9,21.6,47.3,0.234672304439746,57.9511122390759
36.7,66.6,20,46.6,0.358369098712446,32.8624527355499
35,67.4,19.6,47.8,0.322175732217573,38.7958086951921
30.4,57.4,19,38.4,0.296875,43.568763387539
29.9,52.5,18.2,34.3,0.341107871720117,35.5695563240712
33.6,54.6,21.6,33,0.363636363636364,32.0781549064364
32.1,54.7,19.3,35.4,0.361581920903955,32.3818106607637
45.5,45.3,20,25.3,1.00790513833992,1.67126702925926
38.5,48.9,21.3,27.6,0.623188405797101,9.75596621184982
37.2,52.5,19.6,32.9,0.534954407294833,14.6218492362992
37.8,54.7,18,36.7,0.539509536784741,14.3195720239601
43,56.6,23.5,33.1,0.589123867069486,11.4055235021046
37,42.5,20.3,22.2,0.752252252252252,5.39782934471255
38.5,48.6,20,28.6,0.646853146853147,8.75262252923096
44.3,51.5,19.6,31.9,0.774294670846395,4.87885795845952
41.2,52.5,18.6,33.9,0.666666666666667,7.99238561293754
36.9,54.7,19.3,35.4,0.497175141242938,17.3878428731514
41.4,57.4,21.6,35.8,0.553072625698324,13.4560314543074
23.5,47.4,18.3,29.1,0.178694158075601,74.9119565316888
24.5,46.6,21.2,25.4,0.12992125984252,93.6893247718137
37,57.4,21.6,35.8,0.430167597765363,23.6429610345581
36.2,52.5,21.1,31.4,0.480891719745223,18.7359934415352
30.7,54.8,19.3,35.5,0.32112676056338,38.9828873299999
31.7,55.8,18.3,37.5,0.357333333333333,33.0189201238444
38.8,51.4,18.9,32.5,0.612307692307692,10.2551249355689
36.2,54.8,19.9,34.9,0.467048710601719,19.9639868819884
36.9,54.7,21.3,33.4,0.467065868263473,19.9624160891722
23.8,51.8,18.6,33.2,0.156626506024096,82.8900443587138
33.8,52.8,18,34.8,0.454022988505747,21.1928843928149
39.2,55.6,20.3,35.3,0.535410764872521,14.5912800550036
39.9,54.1,21.3,32.8,0.567073170731707,12.6192250559937
31.9,55.8,20.9,34.9,0.315186246418338,40.0594958695874
26.2,55.1,21.3,33.8,0.144970414201183,87.4414456670271
23.3,54.2,20.3,33.9,0.0884955752212389,113.291137071987
31,51,21.5,29.5,0.322033898305085,38.8210514504702
32.1,46.6,20,26.6,0.454887218045113,21.1090563263097
35.4,48,20.3,27.7,0.545126353790614,13.9554310555214
41.1,57.4,21.5,35.9,0.545961002785515,13.9021163711962
32.6,56.6,21.5,35.1,0.316239316239316,39.8665013372385
49.6,58,20,38,0.778947368421053,4.7758600136754
41.9,61.6,21.5,40.1,0.508728179551122,16.490582527134
48.7,66.6,20.5,46.1,0.611713665943601,10.2830998633349
35.3,54.7,19.3,35.4,0.451977401129943,21.3926300597735
36.9,52.2,18.3,33.9,0.548672566371681,13.7303121338913
45.1,54.7,18.3,36.4,0.736263736263736,5.80848426974691
40.3,48.6,20.3,28.3,0.706713780918728,6.65144867613832
36.5,42.8,18.6,24.2,0.739669421487603,5.71847010207159
36.8,55.8,17.6,38.2,0.50261780104712,16.9592165645687
39.8,52.5,19.3,33.2,0.617469879518072,10.0152003216351
38.9,52.4,18.3,34.1,0.604105571847507,10.6482142411082
32,52.4,19.6,32.8,0.378048780487805,30.0265036051978
35.7,48,20,28,0.560714285714286,12.9926402846416
37.9,47.5,22.3,25.2,0.619047619047619,9.94299730382836
23.8,52.1,19.9,32.2,0.12111801242236,97.5490790458166
24.8,52.6,19,33.6,0.172619047619048,77.0283662754937
35.7,47,19.6,27.4,0.587591240875913,11.4859703830061
26.7,47.5,20.3,27.2,0.235294117647059,57.7860935016767
26.7,54.8,19.6,35.2,0.201704545454545,67.4096854973661
42,45.5,22.2,23.3,0.849785407725322,3.45117028653036
26.2,55.5,18.3,37.2,0.212365591397849,64.1932162623167
27.5,55.8,20,35.8,0.209497206703911,65.04321190541
31.7,57.4,20.3,37.1,0.307277628032345,41.5390680324835
36.7,52,18.3,33.7,0.545994065281899,13.900008644715
38.5,54,20.9,33.1,0.531722054380665,14.8402099656828
19.7,42.8,19.6,23.2,0.00431034482758612,166.672590487609
22.8,39.6,20.4,19.2,0.125,95.8278135323902
46.2,62.3,20,42.3,0.619385342789598,9.9276096198971
25.8,68.6,21.5,47.1,0.0912951167728238,111.845934967832
29.7,65.3,20.3,45,0.208888888888889,65.2249178144108
20.2,64.7,19.6,45.1,0.0133037694013303,159.938254796398
30.5,54.5,20.3,34.2,0.298245614035088,43.2957670377662
30.4,54.7,19.6,35.1,0.307692307692308,41.4601480078351
23.2,45.3,21.5,23.8,0.0714285714285714,122.514525672271
23.9,40.3,22.3,18,0.0888888888888888,113.086975512505
28.7,46.9,20,26.9,0.323420074349442,38.5750505854609
28.2,47.5,19.6,27.9,0.308243727598566,41.3554363830435
26.3,42.5,19.3,23.2,0.301724137931035,42.6105760649806
21.9,57.4,20.3,37.1,0.0431266846361185,139.493921372803
31.9,52.8,19.3,33.5,0.376119402985075,30.293358600387
30.2,57.9,20.8,37.1,0.253369272237197,53.1892414057151
34.6,58,23.6,34.4,0.319767441860465,39.2266573329003
43.1,59.6,22.2,37.4,0.558823529411765,13.1057885283759
30.1,56.7,18.6,38.1,0.301837270341207,42.5884745316807
22,57.8,20.3,37.5,0.0453333333333333,138.089415681264
31,54.8,19.6,35.2,0.323863636363636,38.4966625412902
36,54.7,18.6,36.1,0.481994459833795,18.6414823399286
29.9,54,19,35,0.311428571428571,40.755805954593
42.9,57.3,20.3,37,0.610810810810811,10.3257649015927
38.5,59.6,22.2,37.4,0.435828877005348,23.037032245841
46.9,57.9,19.6,38.3,0.712793733681462,6.4685516952329
47.1,57.8,20.5,37.3,0.71313672922252,6.45838488723305
46,38.6,20,18.6,1.39784946236559,0.279518028976048
43.4,54.5,20,34.5,0.678260869565217,7.57852580710141
28.4,55.8,18.3,37.5,0.269333333333333,49.4343507404363
24,57.5,20.3,37.2,0.0994623655913978,107.734259726988
26.4,57.5,20.9,36.6,0.150273224043716,85.3406490697613
26.8,40.6,20.3,20.3,0.320197044334975,39.1494513511042
41.9,38.5,20.3,18.2,1.18681318681319,0.73573610268258
22.1,47.2,21.6,25.6,0.01953125,155.435185796982
24.7,42.5,20.6,21.9,0.187214611872146,72.0412606209143
23.3,37.5,20.1,17.4,0.183908045977011,73.1420038857315
22.1,37.5,19.6,17.9,0.139664804469274,89.5951071441147
27.6,37.9,20.2,17.7,0.418079096045198,24.9906778739419
23.6,47.5,20.3,27.2,0.121323529411765,97.4571829895631
23,46.6,21.8,24.8,0.0483870967741935,136.169027963039
24.6,46.6,21.4,25.2,0.126984126984127,94.9598183720903
26.1,52.5,18.6,33.9,0.221238938053097,61.6334469761542
24.2,54.7,19.6,35.1,0.131054131054131,93.2038422419871
25.3,58.5,20.9,37.6,0.117021276595745,99.3991048466837
22.2,46.5,21.8,24.7,0.0161943319838056,157.832101312726
27.3,46.6,20.3,26.3,0.266159695817491,50.1590886937186
23.7,48.6,20.8,27.8,0.10431654676259,105.362473957073
25.9,47.5,21.6,25.9,0.166023166023166,79.3939541307722
30,46.6,20.8,25.8,0.356589147286822,33.1317999407201
23.5,57.6,21.6,36,0.0527777777777777,133.454615723266
21.7,43.6,19.9,23.7,0.0759493670886076,120.000678266495
23.2,42.5,20.9,21.6,0.106481481481482,104.321578153693
25.4,58,20.3,37.7,0.135278514588859,91.4155940350628
21.5,54.7,21.2,33.5,0.00895522388059704,163.159802703053
33.1,49.6,21.3,28.3,0.41696113074205,25.1191327974098
28,38.9,21.4,17.5,0.377142857142857,30.1515091530154
27.5,43.5,20,23.5,0.319148936170213,39.338079522215
36.2,57.5,20.3,37.2,0.42741935483871,23.9428270545376
34.3,52.8,18.6,34.2,0.45906432748538,20.7085381413625
35.9,42.5,23.6,18.9,0.650793650793651,8.59587438067293
23.1,37.5,21.3,16.2,0.111111111111111,102.130040950063
34.5,45.6,21.7,23.9,0.535564853556485,14.5809728404402
23,49.6,22.3,27.3,0.0256410256410256,151.140463110521
43.6,52.6,18.3,34.3,0.737609329446064,5.77275139819973
20.7,57.4,20.3,37.1,0.0107816711590296,161.798880290303
25.3,56.6,21.7,34.9,0.103151862464183,105.926741588122
33.8,56,20,36,0.383333333333333,29.3075651084678
21.7,43,21.5,21.5,0.00930232558139532,162.900292211861
41.9,48.9,20.3,28.6,0.755244755244755,5.32425816098144
32.3,47.5,20.6,26.9,0.434944237918215,23.1306815418019
29.3,55.8,18.3,37.5,0.293333333333333,44.2821832583843
25.3,56.6,20.1,36.5,0.142465753424658,88.4516133272423
25.2,57,22.3,34.7,0.0835734870317002,115.877483649776
24,56.6,21.4,35.2,0.0738636363636364,121.154002033407
24.1,39.6,21.5,18.1,0.143646408839779,87.9739913128551
28.2,37.5,20.4,17.1,0.456140350877193,20.9880942498943
23.2,42.5,23,19.5,0.0102564102564102,162.189095665496
23.8,48.6,22.5,26.1,0.049808429118774,135.284340331739
21.1,54.2,20,34.2,0.0321637426900585,146.686356772961
36,43.5,20,23.5,0.680851063829787,7.48903656134863
36.6,45.8,18.6,27.2,0.661764705882353,8.17409088903757
36.6,47.6,21.2,26.4,0.583333333333333,11.7124564982149
48.8,47.5,21.9,25.6,1.05078125,1.37293906703727
21.2,58.8,20,38.8,0.0309278350515464,147.520110306931
24.1,56.6,21.5,35.1,0.0740740740740741,121.037137587539
30.4,57.6,21.6,36,0.244444444444444,55.4113852823135
28.5,52,19.7,32.3,0.272445820433437,48.7337490349578
34.6,42.5,21.5,21,0.623809523809524,9.72821661707878
33.8,65.5,18.9,46.6,0.319742489270386,39.2311463617573
40.9,61.5,19.6,41.9,0.508353221957041,16.5189631689858
37.2,66.6,20.3,46.3,0.365010799136069,31.8765986077507
35.9,64.7,18.6,46.1,0.37527114967462,30.4114310553576
33.8,62,21.2,40.8,0.308823529411765,41.24562040445
27.3,46.6,21.8,24.8,0.221774193548387,61.4823432087459
24.8,55,20,35,0.137142857142857,90.6373400221894
36.2,56.6,21.7,34.9,0.415472779369628,25.2911705323364
42.3,49.6,21,28.6,0.744755244755245,5.58663927845655
37.5,46.6,20.4,26.2,0.652671755725191,8.52215671097224
41.4,45.8,20,25.8,0.829457364341085,3.78837458033619
38.5,57.8,20.6,37.2,0.481182795698925,18.7110001278608
36.4,58.8,20,38.8,0.422680412371134,24.4688627365653
30.3,47.4,21.6,25.8,0.337209302325581,36.2112125697989
43,45.8,21.3,24.5,0.885714285714286,2.92690296665564
38.8,48,20,28,0.671428571428571,7.81974048207214
42.5,52.5,19.6,32.9,0.696048632218845,6.98485799137198
41.8,54.8,20.3,34.5,0.623188405797101,9.75596621184982
22.4,54.7,19.6,35.1,0.0797720797720797,117.915300376196
34.8,55.8,19.3,36.5,0.424657534246575,24.2480061008554
34.3,54.7,19.5,35.2,0.420454545454545,24.7199137987001
33.8,46.9,20.3,26.6,0.507518796992481,16.5822964370108
31.5,64.8,19.6,45.2,0.263274336283186,50.8272120945533
39.6,66.8,19.3,47.5,0.427368421052632,23.9484202851445
27.2,64.5,23.5,41,0.0902439024390244,112.386427059364
43,64,20.2,43.8,0.52054794520548,15.6205045520311
40.6,57.8,20.6,37.2,0.537634408602151,14.4432408561994
18.8,42.1,18.6,23.5,0.00851063829787231,163.492800965833
27.2,57.5,20.6,36.9,0.178861788617886,74.8543902757851
37,59.7,20.3,39.4,0.423857868020305,24.3370926170663
28.7,54.7,18.6,36.1,0.279778393351801,47.1222305258373
21.1,58.6,20.3,38.3,0.02088772845953,154.471261933147
26.1,55.8,20,35.8,0.170391061452514,77.8194352914837
25.6,64.6,20.6,44,0.113636363636364,100.954124025529
33.3,64.5,19.6,44.9,0.305122494432071,41.9516492699341
29.8,57.4,21.6,35.8,0.229050279329609,59.4646587726576
25.2,55.9,20.6,35.3,0.130311614730878,93.5217565438025
26,54.8,20.3,34.5,0.165217391304348,79.6878776542926
32.6,54.7,19.6,35.1,0.37037037037037,31.1026602895282
23.8,58,20,38,0.1,107.468960356053
28.5,62.1,19.3,42.8,0.214953271028037,63.4359372539752
32.8,66.6,20.8,45.8,0.262008733624454,51.1230713882395
21.2,64.6,19.9,44.7,0.029082774049217,148.773630210794
25.8,61.5,20.3,41.2,0.133495145631068,92.1662989250596
27.7,54.7,19.6,35.1,0.230769230769231,58.9977387520348
38,48.6,21.5,27.1,0.608856088560886,10.4187441278554
22.3,52.2,21.6,30.6,0.022875816993464,153.069301564275
22.6,56.9,20,36.9,0.0704607046070461,123.0595275353
34.6,62.1,19.6,42.5,0.352941176470588,33.6907394654309
40.2,64.5,18.6,45.9,0.470588235294118,19.6425447187325
30.4,47.4,19.9,27.5,0.381818181818182,29.5119158056274
25.3,54.5,19.6,34.9,0.163323782234957,80.3829024138114
23.8,55.9,20.6,35.3,0.0906515580736544,112.176517587197
31.1,54.6,20,34.6,0.320809248554913,39.039691602053
32.4,55.5,19.6,35.9,0.356545961002785,33.1383623677701
28.7,54.8,22.3,32.5,0.196923076923077,68.9041460121854
31.5,57.5,19.3,38.2,0.319371727748691,39.297907777366
38.1,55.8,20,35.8,0.505586592178771,16.729885445862
35.2,61.6,20.3,41.3,0.360774818401937,32.5018889306072
26.3,57.5,20.6,36.9,0.154471544715447,83.7132724940796
29.1,58.9,20.6,38.3,0.221932114882507,61.4378324931267
29.3,54.6,19.6,35,0.277142857142857,47.6952278967861
28.9,57.5,20.9,36.6,0.218579234972678,62.3898121619557
23.9,54.1,19.3,34.8,0.132183908045977,92.7221911187108
24.8,52.2,20.3,31.9,0.141065830721003,89.0212989513624
24.6,64.6,22,42.6,0.0610328638497653,128.496791824452
24.8,66.3,21.6,44.7,0.0715883668903803,122.424777932594
23.3,54.6,20.5,34.1,0.0821114369501467,116.657042103735
27.1,68.5,19.3,49.2,0.158536585365854,82.1671352953687
30.2,52.5,18.6,33.9,0.342182890855457,35.394630003299
38.5,54.5,20.3,34.2,0.532163742690058,14.8101805561449
26.9,54.7,18,36.7,0.242506811989101,55.9059601036329
28.2,49.6,21,28.6,0.251748251748252,53.5861204562827
26.3,44.9,19.3,25.6,0.2734375,48.5126205794548
23.4,45.8,18.2,27.6,0.188405797101449,71.6487914564462
30.1,46.9,20.3,26.6,0.368421052631579,31.3819490255064
34.3,54.5,20.3,34.2,0.409356725146199,26.0105791795968
22.7,59.6,20.4,39.2,0.0586734693877551,129.894688680163
24.6,53.6,21.6,32,0.09375,110.593834129529
31.3,57.6,19,38.6,0.318652849740933,39.4276768849514
32,60.4,22.3,38.1,0.254593175853018,52.8915382763565
28.9,64.5,21.8,42.7,0.166276346604215,79.3018251346905
39.6,63.5,18,45.5,0.474725274725275,19.2733931199806
23.5,48.6,21.5,27.1,0.0738007380073801,121.188953895076
26.8,49,20.8,28.2,0.212765957446809,64.0754615333308
27.1,47.5,21.6,25.9,0.212355212355212,64.1962717981567
25,52.2,18.3,33.9,0.1976401179941,68.6779389567924
21.4,56.6,20.3,36.3,0.0303030303030303,147.943410544453
33.1,62.5,18.6,43.9,0.330296127562642,37.3776293233811
36,64.6,20.6,44,0.35,34.1482429887002
36.7,55.8,20,35.8,0.466480446927374,20.0160816132745
35.6,59.6,22.2,37.4,0.358288770053476,32.8745609778212
37.8,64.4,19.6,44.8,0.40625,26.3838129322808
29.7,46.5,20.8,25.7,0.346303501945525,34.7320586501405
31.3,58.6,20,38.6,0.292746113989637,44.4015944121072
33,56.6,21.5,35.1,0.327635327635328,37.8365176230678
32.6,55.8,18.9,36.9,0.371273712737127,30.9740779668584
30.8,51.5,18.3,33.2,0.376506024096386,30.2396951425008
41,55,20.2,34.8,0.597701149425287,10.9655950671136
27.3,56.6,20.1,36.5,0.197260273972603,68.7976768129637
38.2,59.6,21.4,38.2,0.43979057591623,22.6222698180674
28.6,55.7,18.3,37.4,0.275401069518717,48.0777322844675
42.6,54.8,19.6,35.2,0.653409090909091,8.49338862052275
42.7,52.5,19.6,32.9,0.702127659574468,6.79282197731242
31.3,51.4,19.6,31.8,0.367924528301887,31.4534884774038
46.5,46.6,20,26.6,0.996240601503759,1.7631027475448
38.3,47.8,20.6,27.2,0.650735294117647,8.59817513017092
41,47,20,27,0.777777777777778,4.80154511728239
42.9,55.2,20.3,34.9,0.64756446991404,8.72411710303243
35.7,59.9,20,39.9,0.393483709273183,27.9745850643691
37.9,61.5,21.5,40,0.41,25.9339601269723
36.8,57.4,18.6,38.8,0.469072164948454,19.7795881867646
38.5,56.6,20,36.6,0.505464480874317,16.7392567721713
30.4,52.2,21.2,31,0.296774193548387,43.5889096536384
40.2,56.6,21.4,35.2,0.534090909090909,14.6798661384374
46.6,55.8,19.3,36.5,0.747945205479452,5.50550697672277
47.8,56.3,20.2,36.1,0.764542936288089,5.10199820791185
25,58.6,20.2,38.4,0.125,95.8278135323902
23.4,46.6,20.8,25.8,0.10077519379845,107.087585356686
46.6,47,21.1,25.9,0.984555984555985,1.86015610397918
47.8,54.5,20.2,34.3,0.80466472303207,4.24454746592313
25,54.7,18.3,36.4,0.184065934065934,73.0890631933024
23.4,55.5,21.3,34.2,0.0614035087719298,128.278563103455
46.6,58,21.6,36.4,0.686813186813187,7.28704474869271
43.5,55.6,2.3,53.3,0.772983114446529,4.90829149865159
30.7,51.2,19.6,31.6,0.35126582278481,33.9505861009636
35.8,63.6,19.6,44,0.368181818181818,31.416397699059
32.7,45.6,20.5,25.1,0.48605577689243,18.2974970648655
33,52.2,20,32.2,0.403726708074534,26.6908924593016
36.8,58,21.6,36.4,0.417582417582418,25.0476652525972
32.3,54.7,19.3,35.4,0.367231638418079,31.5535930320507
29.4,54.7,18.2,36.5,0.306849315068493,41.6207404064065
23.3,55.8,19.6,36.2,0.102209944751381,106.385292454926
28.4,56.6,21.5,35.1,0.196581196581197,69.0122621685644
35,57.8,19.3,38.5,0.407792207792208,26.197871489604
37.1,55.5,18,37.5,0.509333333333333,16.4448810882881
29.6,55,20,35,0.274285714285714,48.3242788605763
45,43.5,21.5,22,1.06818181818182,1.2676380578967
31.4,52.2,20.3,31.9,0.347962382445141,34.4688347451051
43.2,55.9,20,35.9,0.646239554317549,8.77728633311659
32,56.6,24.3,32.3,0.238390092879257,56.9714417173969
33.9,52,23.3,28.7,0.369337979094077,31.2502652554729
23.4,51.4,19.6,31.8,0.119496855345912,98.2770168607328
28.7,64.6,20.3,44.3,0.18961625282167,71.2521632999685
31.1,64.8,19.6,45.2,0.254424778761062,52.9324002280208
28.7,61.5,19.6,41.9,0.217183770883055,62.7903590325426
28.8,56.6,20.8,35.8,0.223463687150838,61.007821357358
25.7,57.8,19.9,37.9,0.153034300791557,84.2668614933877
33.8,54.8,22.3,32.5,0.353846153846154,33.5512061259
33.1,57.5,19.3,38.2,0.361256544502618,32.4301657128047
27.4,55.8,20,35.8,0.206703910614525,65.8817719834888
34.1,61.6,20.3,41.3,0.334140435835351,36.7244417363859
34.4,57.5,20.6,36.9,0.373983739837398,30.5915116708233
28.7,54.8,22.3,32.5,0.196923076923077,68.9041460121854
31.5,57.5,19.3,38.2,0.319371727748691,39.297907777366
38.1,55.8,20,35.8,0.505586592178771,16.729885445862
35.2,61.6,20.3,41.3,0.360774818401937,32.5018889306072
26.3,57.5,20.6,36.9,0.154471544715447,83.7132724940796
29.1,58.9,20.6,38.3,0.221932114882507,61.4378324931267
29.3,54.6,19.6,35,0.277142857142857,47.6952278967861
28.9,57.5,20.9,36.6,0.218579234972678,62.3898121619557
23.9,54.1,19.3,34.8,0.132183908045977,92.7221911187108
24.8,52.2,20.3,31.9,0.141065830721003,89.0212989513624
24.6,64.6,22,42.6,0.0610328638497653,128.496791824452
24.8,66.3,21.6,44.7,0.0715883668903803,122.424777932594
23.3,54.6,20.5,34.1,0.0821114369501467,116.657042103735
27.1,68.5,19.3,49.2,0.158536585365854,82.1671352953687
30.2,52.5,18.6,33.9,0.342182890855457,35.394630003299
38.5,54.5,20.3,34.2,0.532163742690058,14.8101805561449
26.9,54.7,18,36.7,0.242506811989101,55.9059601036329
28.2,49.6,21,28.6,0.251748251748252,53.5861204562827
26.3,44.9,19.3,25.6,0.2734375,48.5126205794548
23.4,45.8,18.2,27.6,0.188405797101449,71.6487914564462
30.1,46.9,20.3,26.6,0.368421052631579,31.3819490255064
34.3,54.5,20.3,34.2,0.409356725146199,26.0105791795968
22.7,59.6,20.4,39.2,0.0586734693877551,129.894688680163
24.6,53.6,21.6,32,0.09375,110.593834129529
31.3,57.6,19,38.6,0.318652849740933,39.4276768849514
32,60.4,22.3,38.1,0.254593175853018,52.8915382763565
28.9,64.5,21.8,42.7,0.166276346604215,79.3018251346905
39.6,63.5,18,45.5,0.474725274725275,19.2733931199806
23.5,48.6,21.5,27.1,0.0738007380073801,121.188953895076
26.8,49,20.8,28.2,0.212765957446809,64.0754615333308
27.1,47.5,21.6,25.9,0.212355212355212,64.1962717981567
25,52.2,18.3,33.9,0.1976401179941,68.6779389567924
21.4,56.6,20.3,36.3,0.0303030303030303,147.943410544453
33.1,62.5,18.6,43.9,0.330296127562642,37.3776293233811
36,64.6,20.6,44,0.35,34.1482429887002
36.7,55.8,20,35.8,0.466480446927374,20.0160816132745
35.6,59.6,22.2,37.4,0.358288770053476,32.8745609778212
37.8,64.4,19.6,44.8,0.40625,26.3838129322808
29.7,46.5,20.8,25.7,0.346303501945525,34.7320586501405
31.3,58.6,20,38.6,0.292746113989637,44.4015944121072
33,56.6,21.5,35.1,0.327635327635328,37.8365176230678
32.6,55.8,18.9,36.9,0.371273712737127,30.9740779668584
30.8,51.5,18.3,33.2,0.376506024096386,30.2396951425008
41,55,20.2,34.8,0.597701149425287,10.9655950671136
27.3,56.6,20.1,36.5,0.197260273972603,68.7976768129637
38.2,59.6,21.4,38.2,0.43979057591623,22.6222698180674
28.6,55.7,18.3,37.4,0.275401069518717,48.0777322844675
42.6,54.8,19.6,35.2,0.653409090909091,8.49338862052275
42.7,52.5,19.6,32.9,0.702127659574468,6.79282197731242
31.3,51.4,19.6,31.8,0.367924528301887,31.4534884774038
46.5,46.6,20,26.6,0.996240601503759,1.7631027475448
38.3,47.8,20.6,27.2,0.650735294117647,8.59817513017092
41,47,20,27,0.777777777777778,4.80154511728239
42.9,55.2,20.3,34.9,0.64756446991404,8.72411710303243
35.7,59.9,20,39.9,0.393483709273183,27.9745850643691
37.9,61.5,21.5,40,0.41,25.9339601269723
36.8,57.4,18.6,38.8,0.469072164948454,19.7795881867646
38.5,56.6,20,36.6,0.505464480874317,16.7392567721713
30.4,52.2,21.2,31,0.296774193548387,43.5889096536384
40.2,56.6,21.4,35.2,0.534090909090909,14.6798661384374
46.6,55.8,19.3,36.5,0.747945205479452,5.50550697672277
47.8,56.3,20.2,36.1,0.764542936288089,5.10199820791185
25,58.6,20.2,38.4,0.125,95.8278135323902
23.4,46.6,20.8,25.8,0.10077519379845,107.087585356686
46.6,47,21.1,25.9,0.984555984555985,1.86015610397918
43.5,54.5,20.2,34.3,0.67930029154519,7.54248682060087
30.7,61.5,21.5,40,0.23,59.2062305029843
35.8,54.7,18.3,36.4,0.480769230769231,18.746520967669
32.7,55.5,21.3,34.2,0.333333333333333,36.8606233560881
33,58,21.6,36.4,0.313186813186813,40.4285037288895
36.8,55.6,20.3,35.3,0.46742209631728,19.9298311329046
32.3,51.2,19.6,31.6,0.401898734177215,26.9155832755035
29.4,63.6,19.6,44,0.222727272727273,61.2142034285216
23.3,45.6,20.5,25.1,0.111553784860558,101.922918518058
28.4,52.2,20,32.2,0.260869565217391,51.3908466148882
35,58,21.6,36.4,0.368131868131868,31.4235950498503
37.1,54.7,19.3,35.4,0.502824858757062,16.9431204286994
29.6,54.7,18.2,36.5,0.312328767123288,40.5879020100155
45,55.8,19.6,36.2,0.701657458563536,6.8074853114247
31.4,56.6,21.5,35.1,0.282051282051282,46.6336083420492
43.2,57.8,19.3,38.5,0.620779220779221,9.86435201548633
32,55.5,18,37.5,0.373333333333333,30.6828944334431
33.9,55,20,35,0.397142857142857,27.5090681805657
23.4,43.5,21.5,22,0.0863636363636363,114.404216286303
28.7,52.2,20.3,31.9,0.263322884012539,50.8158972789283
31.1,55.9,20,35.9,0.309192200557103,41.1759448358473
28.7,56.6,24.3,32.3,0.136222910216718,91.0205324964805
28.8,52,23.3,28.7,0.191637630662021,70.5947102003472
25.7,51.4,19.6,31.8,0.191823899371069,70.5344324270972
33.8,64.6,20.3,44.3,0.304740406320542,42.0252231616937
33.1,64.8,19.6,45.2,0.298672566371681,43.2110773863732
27.4,61.5,19.6,41.9,0.186157517899761,72.3913497500718
34.1,56.6,20.8,35.8,0.371508379888268,30.94076236714
34.4,57.8,19.9,37.9,0.382585751978892,29.4082150415233
27.9,64.8,18.3,46.5,0.206451612903226,65.9580431637397
24.8,52.4,20.3,32.1,0.14018691588785,89.3808386738407
30.1,54.9,19.6,35.3,0.297450424929179,43.4539423089553
27.4,55.8,20.3,35.5,0.2,67.9386908235937
32.1,54.7,19.6,35.1,0.356125356125356,33.2023439358826
27.9,52.5,21.6,30.9,0.203883495145631,66.7394428421326
31.7,66.6,20,46.6,0.251072961373391,53.7523262420453
35.8,55.6,20.3,35.3,0.439093484419263,22.6947052321404
38.4,54.4,19.6,34.8,0.540229885057471,14.2723454951689
39,52,20.3,31.7,0.589905362776025,11.3647202826717
35,54,19.6,34.4,0.447674418604651,21.8189704329243
39.7,54.5,18.6,35.9,0.587743732590529,11.4779408052583
32.3,54.5,20.6,33.9,0.345132743362832,34.9190385350283
37.4,58.9,20,38.9,0.447300771208226,21.8563900183066
22.3,45.3,21.5,23.8,0.0336134453781513,145.714378796893
23.9,47.5,20.6,26.9,0.12267657992565,96.8543295148179
28.7,43.5,20.7,22.8,0.350877192982456,34.0111482195052
40.8,55.8,20,35.8,0.581005586592179,11.8381562538872
34.9,55.2,20,35.2,0.423295454545455,24.3999440545851
31.5,56.4,19.6,36.8,0.323369565217391,38.5839868769018
35.7,54.8,19.6,35.2,0.457386363636364,20.8685067229633
39.5,55.8,20,35.8,0.544692737430168,13.9832097230282
27.4,56.6,22.2,34.4,0.151162790697674,84.9932093263754
21.9,59.6,21.5,38.1,0.010498687664042,162.008991424103
43,62.8,24.2,38.6,0.487046632124352,18.214541378942
43.3,46.9,20.3,26.6,0.864661654135338,3.22357651038499
33.7,67.4,19.6,47.8,0.294979079497908,43.9492289494918
29.5,54.8,19.6,35.2,0.28125,46.8052857845046
43.8,52.8,18.5,34.3,0.737609329446064,5.77275139819973
33.1,55.8,20,35.8,0.365921787709497,31.7437036067361
46.3,56.6,20.7,35.9,0.713091922005571,6.45971212010374
28,57.4,19.6,37.8,0.222222222222222,61.3561486144798
32.8,55,20,35,0.365714285714286,31.7739251849524
33.1,61.5,21.6,39.9,0.288220551378446,45.3327371068103
21.1,62,18.6,43.4,0.0576036866359447,130.533515816769
45.2,64.8,19.6,45.2,0.566371681415929,12.6598865294527
29,64.6,19.6,45,0.208888888888889,65.2249178144108
26.2,58.9,22.3,36.6,0.10655737704918,104.285274895866
27.6,57.6,20.6,37,0.189189189189189,71.3918472832118
32.5,54.6,20.6,34,0.35,34.1482429887002
26,58.9,19.6,39.3,0.162849872773537,80.5577910921825
27.9,55.5,18.3,37.2,0.258064516129032,52.0562012666408
31.6,56.6,20.4,36.2,0.30939226519337,41.1381836780318
31.7,57.6,21.6,36,0.280555555555556,46.9545840477251
31.1,49.6,20.6,29,0.362068965517241,32.3095643682509
34.4,55.8,18.6,37.2,0.424731182795699,24.2398177300032
26.8,49.6,21.4,28.2,0.191489361702128,70.6427278252123
37.1,42.8,20.3,22.5,0.746666666666667,5.53788241655182
37.3,46.5,20.2,26.3,0.650190114068441,8.61969897613463
38.9,47.6,21.5,26.1,0.666666666666667,7.99238561293754
40.4,47.6,21,26.6,0.729323308270677,5.99633353416515
36.3,55.8,19.3,36.5,0.465753424657534,20.0829285612206
42,55.5,20.5,35,0.614285714285714,10.1625199433136
30.4,54.1,19.6,34.5,0.31304347826087,40.4550872836394
35.6,47.6,20.6,27,0.555555555555556,13.3036816744617
26.3,44.9,18.3,26.6,0.300751879699248,42.8009897738203
41.8,48.6,21.3,27.3,0.750915750915751,5.43101502838448
31.9,54.4,19.6,34.8,0.353448275862069,33.6124813544139
27,54.5,20.6,33.9,0.188790560471976,71.5224778595731
37.1,48.9,20.3,28.6,0.587412587412588,11.4953846750604
47.3,58.9,20,38.9,0.701799485861183,6.80305282183607
41.4,50.5,21.5,29,0.686206896551724,7.30733402446661
23.2,56.6,21.7,34.9,0.0429799426934097,139.58782585025
46.2,47.8,20.3,27.5,0.941818181818182,2.26291640015094
35.8,55.8,21.6,34.2,0.415204678362573,25.3222851880731
39.3,58.6,20,38.6,0.5,17.1640413596305
40.4,56.6,21.5,35.1,0.538461538461538,14.3885587105116
32.5,49.6,21,28.6,0.402097902097902,26.8910104284484
27.3,49.9,22.3,27.6,0.181159420289855,74.0698011925887
30.2,47.5,19,28.5,0.392982456140351,28.0389650130902
44.1,51.5,21.3,30.2,0.754966887417219,5.33104714402416
42,54.8,18.6,36.2,0.646408839779006,8.77047484545832
41.5,55.8,19.3,36.5,0.608219178082192,10.4492201857395
31.7,54.6,19.6,35,0.345714285714286,34.8260359003414
32.8,64.7,19.6,45.1,0.292682926829268,44.4144627051973
25.6,55.8,18.3,37.5,0.194666666666667,69.6208551994189
42.6,54.6,20.6,34,0.647058823529412,8.74437072232839
37.2,47.6,20,27.6,0.623188405797102,9.75596621184978
48.9,46.6,19.6,27,1.08518518518519,1.17254728368914
30.8,65.2,21,44.2,0.221719457013575,61.4977784291482
28.8,59.6,21.3,38.3,0.195822454308094,69.2528130521287
44.7,62.5,18.6,43.9,0.594533029612756,11.126075890185
48.7,64.5,19.9,44.6,0.645739910313901,8.79742122100363
47.3,60.5,20.3,40.2,0.671641791044776,7.81209794068837
34.6,55.8,19,36.8,0.423913043478261,24.3309353170977
47.1,48.6,20.3,28.3,0.946996466431095,2.20981101556511
38.9,47.6,20,27.6,0.684782608695652,7.35521979339842
46.5,53.2,20,33.2,0.798192771084337,4.37241438283
48,55.8,19.6,36.2,0.784530386740332,4.65513329829496
46.9,44,20,24,1.12083333333333,0.99570667643289
29.1,65.8,19,46.8,0.215811965811966,63.1866213590133
21.1,55,20,35,0.0314285714285715,147.181739853498
46.2,56.3,22.4,33.9,0.702064896755162,6.79477742316283
33.7,57.5,22.8,34.7,0.314121037463977,40.2556656477825
39.6,56.6,20.3,36.3,0.53168044077135,14.8430423193833
41.9,52.8,18.2,34.6,0.684971098265896,7.34886464195663
31.2,66.4,18.3,48.1,0.268191268191268,49.6939408393833
50.8,57.4,20.3,37.1,0.822102425876011,3.91833389805438
40.9,52.8,19.3,33.5,0.644776119402985,8.83639109058577
55.1,51.4,18.3,33.1,1.11178247734139,1.03790507522339
45.1,55.7,19.3,36.4,0.708791208791209,6.58838116508962
46.8,62.5,18,44.5,0.647191011235955,8.73907142101158
32.7,61.2,22.2,39,0.269230769230769,49.4576079161433
40.9,56.6,21.5,35.1,0.552706552706553,13.4786403783175
43.8,57,20.4,36.6,0.639344262295082,9.05927273949725
33.8,55.8,22.3,33.5,0.343283582089552,35.2164176276013
39.6,54,19.3,34.7,0.585014409221902,11.6225082032268
34.3,38,20.3,17.7,0.790960451977401,4.51986668947632
33.3,47.5,21,26.5,0.464150943396226,20.2310600518351
29.6,46.6,20.3,26.3,0.35361216730038,33.5872276985501
39.2,47.8,20.6,27.2,0.683823529411765,7.38764152524793
46,47.5,21,26.5,0.943396226415094,2.24659911579993
27.6,57.4,18.6,38.8,0.231958762886598,58.6767734236875
31.7,52.1,19.3,32.8,0.378048780487805,30.0265036051978
43.3,54.6,20.3,34.3,0.670553935860058,7.85116881669018
42.3,57.4,18.3,39.1,0.61381074168798,10.1846801424124
56.5,55.9,22.3,33.6,1.01785714285714,1.59670560105888
30.6,54.7,20.1,34.6,0.303468208092486,42.2711256580649
25.4,47.9,20.6,27.3,0.175824175824176,75.9044373296191
25,46.5,22.8,23.7,0.0928270042194093,111.062950637269
64.3,54.7,19.9,34.8,1.27586206896552,0.489065562628559
46.3,47.5,20.3,27.2,0.955882352941176,2.12157056169967
38.3,52.5,19.2,33.3,0.573573573573574,12.2485901136466
35.3,54.5,20,34.5,0.443478260869565,22.2429081254735
45.5,52.1,19.3,32.8,0.798780487804878,4.36064551077693
36.1,52.2,18.2,34,0.526470588235294,15.2019455974345
34.4,57.4,19.3,38.1,0.396325459317585,27.6123810003917
39.3,52.8,18.3,34.5,0.608695652173913,10.4264125963435
37.6,55.8,13.3,42.5,0.571764705882353,12.3506196908343
46.9,54.8,8.6,46.2,0.829004329004329,3.79625350287733
32.1,46.6,20.8,25.8,0.437984496124031,22.8104195113968
44.3,52.8,19.6,33.2,0.743975903614458,5.60664181949119
48.3,54.7,20,34.7,0.815561959654179,4.03764208093944
48,46.8,20.6,26.2,1.04580152671756,1.40465339257975
30.5,57.4,23.5,33.9,0.206489675516224,65.9465309439303
24.5,54.5,19.6,34.9,0.140401146131805,89.2930694004216
36.5,52.8,18.6,34.2,0.523391812865497,15.4181065943236
37.5,54.8,17.3,37.5,0.538666666666667,14.375029606638
36.3,48.6,21.3,27.3,0.549450549450549,13.681412380593
24.1,67.4,22.3,45.1,0.0399113082039911,141.566082979711
36.1,52.1,20.3,31.8,0.49685534591195,17.4133620664161
32,57.4,21.3,36.1,0.296398891966759,43.6639959710315
43.5,52.2,19.6,32.6,0.733128834355828,5.89259336394209
33.8,52.8,18.9,33.9,0.43952802359882,22.6495246891506
42.6,52.8,19.6,33.2,0.69277108433735,7.09063839193914
41.1,54.9,20.2,34.7,0.602305475504323,10.7364809567195
45.3,55.8,20.8,35,0.7,6.85942646597244
35.4,54.7,19.3,35.4,0.454802259887006,21.1172823343254
40.4,54.4,18.3,36.1,0.61218836565097,10.2607383599622
42.2,52.8,18.6,34.2,0.690058479532164,7.17939620053805
46.7,46.6,20.8,25.8,1.00387596899225,1.70243514335224
46.3,55.8,19.6,36.2,0.737569060773481,5.77381755451794
20.4,52.1,18.3,33.8,0.0621301775147928,127.851789309314
28.1,54.5,20.9,33.6,0.214285714285714,63.6304370294921
31.7,54.8,19.6,35.2,0.34375,35.1411710729781
32.5,57.4,19.9,37.5,0.336,36.4125912016377
32.5,54.5,18.3,36.2,0.392265193370166,28.1313465854399
48.1,55.5,22.3,33.2,0.77710843373494,4.81630652426517
41,52.8,21.3,31.5,0.625396825396825,9.65765905362638
47.2,54,20.6,33.4,0.796407185628743,4.40836546109264
47,45.6,21.5,24.1,1.05809128630705,1.32767618545485
46.2,42.7,18.6,24.1,1.14522821576763,0.890317968436599
40,45.8,20.6,25.2,0.76984126984127,4.97952399439557
42.9,47.6,21,26.6,0.823308270676692,3.89672546828703
28.8,52,21,31,0.251612903225807,53.6193918689406
