34.6,45.2,21.5,23.7,0.552742616033755,0.944360759493671
39.4,49.6,20.3,29.3,0.651877133105802,1.11373208191126
34.7,52.2,20,32.2,0.456521739130435,0.779967391304348
89.8,54.4,19.6,34.8,2.01724137931034,3.44645689655172
36.5,52.1,19.3,32.8,0.524390243902439,0.895920731707317
21.6,56.6,20,36.6,0.0437158469945356,0.074688524590164
26.8,52.2,20,32.2,0.211180124223603,0.360801242236025
29.7,54.6,19.3,35.3,0.294617563739377,0.503354107648725
31.4,55.5,20.3,35.2,0.315340909090909,0.538759943181818
21.6,52.5,19.6,32.9,0.060790273556231,0.103860182370821
26,52.7,18.6,34.1,0.217008797653959,0.370759530791789
23.5,54.8,19.3,35.5,0.11830985915493,0.202132394366197
43.3,55.8,20.2,35.6,0.648876404494382,1.10860533707865
18.3,52.8,18.2,34.6,0.00289017341040467,0.00493786127167637
26,49.5,20.4,29.1,0.192439862542955,0.328783505154639
33,46.6,21.5,25.1,0.458167330677291,0.782778884462151
29.6,48.6,20.2,28.4,0.330985915492958,0.565489436619718
33,52.1,19.3,32.8,0.417682926829268,0.713611280487805
29.8,52.8,18.3,34.5,0.333333333333333,0.5695
27.7,54.7,18.2,36.5,0.26027397260274,0.444678082191781
26.5,54.5,19.3,35.2,0.204545454545455,0.349465909090909
38.4,54.8,19.6,35.2,0.534090909090909,0.912494318181818
42.3,52.7,18.6,34.1,0.695014662756598,1.18743255131965
29.5,48.2,21.5,26.7,0.299625468164794,0.511910112359551
28.3,52.1,20.6,31.5,0.244444444444444,0.417633333333333
33.3,46.6,21,25.1,0.49003984063745,0.837233067729083
46.5,52.2,21.6,30.6,0.813725490196078,1.39025
47,56.6,22.2,34.4,0.72093023255814,1.23170930232558
25.7,54.7,19,35.7,0.187675070028011,0.320642857142857
25.9,55.9,20.6,35.3,0.15014164305949,0.256516997167139
25.6,54.8,19.6,35.2,0.170454545454545,0.291221590909091
44,39.9,21.5,18.4,1.22282608695652,2.08919836956522
28.5,57.4,19.2,38.2,0.243455497382199,0.415943717277487
29.3,52.5,20.5,32,0.275,0.4698375
31.9,57.4,19.2,38.2,0.332460732984293,0.568009162303665
31,66.8,24.2,42.6,0.15962441314554,0.272718309859155
29.9,56.6,20.4,36.2,0.262430939226519,0.448363259668508
29.3,55.8,19.6,36.2,0.267955801104972,0.457802486187845
37.3,48.5,20,28.5,0.607017543859649,1.03708947368421
37.7,49.6,21.5,28.1,0.576512455516014,0.98497153024911
43.6,52.4,19.6,32.8,0.731707317073171,1.25012195121951
46.8,64.5,21.5,43,0.588372093023256,1.00523372093023
27,52.5,19.6,32.9,0.224924012158055,0.384282674772036
28.1,54.8,19.6,35.2,0.241477272727273,0.412563920454546
44.6,55.9,20,35.9,0.685236768802229,1.17072701949861
40.8,59.6,21.5,38.1,0.506561679790026,0.86546062992126
32.1,59.9,21.7,38.2,0.272251308900524,0.465141361256545
31.8,64.3,20.3,44,0.261363636363636,0.446539772727273
36,62.5,19.6,42.9,0.382284382284382,0.653132867132867
25,52.1,19.6,32.5,0.166153846153846,0.283873846153846
36.3,52.8,18.2,34.6,0.523121387283237,0.89375289017341
34.8,57.4,20.6,36.8,0.385869565217391,0.659258152173913
26.6,53.2,20,33.2,0.198795180722892,0.33964156626506
27.5,54.9,19,35.9,0.236768802228412,0.404519498607242
35.5,55.7,17.6,38.1,0.469816272965879,0.802681102362205
36.1,53.9,20.9,33,0.460606060606061,0.786945454545455
35.1,54.6,22.3,32.3,0.396284829721362,0.677052631578948
37.7,52.6,19.6,33,0.548484848484849,0.937086363636364
42,57.6,21.6,36,0.566666666666667,0.96815
35.2,56.6,20.8,35.8,0.402234636871508,0.687217877094972
32.2,59.6,22.5,37.1,0.261455525606469,0.446696765498652
34,52.8,19.6,33.2,0.433734939759036,0.741036144578313
34.4,54.8,22.3,32.5,0.372307692307692,0.636087692307692
25.3,49.6,21.3,28.3,0.141342756183746,0.241484098939929
35.5,54.4,19.3,35.1,0.461538461538462,0.788538461538462
53.5,57,23.6,33.4,0.895209580838323,1.52946556886228
22.2,64.7,19.6,45.1,0.0576496674057649,0.0984944567627494
28.6,66.6,20.8,45.8,0.170305676855895,0.290967248908297
29.7,67.5,18.6,48.9,0.226993865030675,0.387819018404908
43.9,64.7,18.6,46.1,0.54880694143167,0.937636659436009
27.9,45.3,21.5,23.8,0.26890756302521,0.459428571428571
29,43.5,20.3,23.2,0.375,0.6406875
36.1,48.6,21.5,27.1,0.538745387453875,0.920446494464945
33.3,52.8,19.6,33.2,0.412650602409638,0.705013554216867
43.4,52.8,17.9,34.9,0.730659025787966,1.24833094555874
41.6,53.6,21.6,32,0.625,1.0678125
37.1,56.6,21.8,34.8,0.439655172413793,0.751150862068966
34.8,43.4,20.2,23.2,0.629310344827586,1.07517672413793
41.3,42.8,18.3,24.5,0.938775510204082,1.60389795918367
39.5,54.7,20.3,34.4,0.558139534883721,0.953581395348837
27,58.8,21.6,37.2,0.145161290322581,0.248008064516129
25.2,54.8,22.3,32.5,0.0892307692307692,0.152450769230769
28.2,59.9,21,38.9,0.185089974293059,0.316226221079692
22.1,58.9,20,38.9,0.0539845758354756,0.0922326478149101
24.7,54.5,20.3,34.2,0.128654970760234,0.21980701754386
25.6,55,18.3,36.7,0.198910081743869,0.339837874659401
30.7,59.9,20.8,39.1,0.253196930946292,0.432586956521739
35.4,56,23.6,32.4,0.364197530864198,0.622231481481481
38.7,54.7,19.6,35.1,0.544159544159544,0.929696581196581
27,55.8,18.3,37.5,0.232,0.396372
25.9,55.1,19.3,35.8,0.184357541899441,0.314974860335195
31.4,54.8,18.3,36.5,0.358904109589041,0.613187671232877
45.6,56.6,21.4,35.2,0.6875,1.17459375
33.9,57.5,20.6,36.9,0.360433604336043,0.61580081300813
34.9,58.9,20.3,38.6,0.378238341968912,0.646220207253886
33.8,52,22,30,0.393333333333333,0.67201
41.1,54.6,21.5,33.1,0.59214501510574,1.01167975830816
32.9,56.6,20.2,36.4,0.348901098901099,0.596097527472527
31.4,56.9,20.3,36.6,0.30327868852459,0.518151639344262
47.8,64.5,21.6,42.9,0.610722610722611,1.04341958041958
39.5,66.4,18.6,47.8,0.437238493723849,0.747021966527197
36.8,64.8,19.9,44.9,0.376391982182628,0.64306570155902
37,64.7,18,46.7,0.406852248394004,0.695107066381156
42.2,64.6,21.5,43.1,0.480278422273782,0.820555684454757
51.7,64,24.6,39.4,0.687817258883249,1.17513578680203
32.8,59.6,21.2,38.4,0.302083333333333,0.516109375
30.6,58.5,21.5,37,0.245945945945946,0.420198648648649
36.7,53,20.2,32.8,0.503048780487805,0.859458841463415
33,52.2,19.3,32.9,0.416413373860182,0.711442249240121
34.3,54.7,18.6,36.1,0.434903047091413,0.743031855955678
33,54.7,18.6,36.1,0.398891966759003,0.681506925207756
242.2,52.7,18.6,34.1,6.55718475073314,11.2029501466276
26,52.8,18.9,33.9,0.209439528023599,0.357827433628319
35.9,54.7,19.3,35.4,0.468926553672316,0.801161016949152
35.2,56.6,24.2,32.4,0.339506172839506,0.580046296296296
28.4,46.5,20.1,26.4,0.314393939393939,0.537142045454545
33,49.6,21.5,28.1,0.409252669039146,0.699208185053381
32.3,57.5,20.3,37.2,0.32258064516129,0.551129032258064
34.6,61.2,19.3,41.9,0.365155131264916,0.62386754176611
41.8,52.5,18.5,34,0.685294117647059,1.170825
32,59.6,23.4,36.2,0.237569060773481,0.405886740331492
34.2,55.8,21,34.8,0.379310344827586,0.648051724137931
24.6,56.9,21.5,35.4,0.0875706214689266,0.149614406779661
24,54.7,19.6,35.1,0.125356125356125,0.21417094017094
44.7,59.9,20.3,39.6,0.616161616161616,1.05271212121212
23.1,42.5,19.6,22.9,0.152838427947598,0.261124454148472
27.3,48.6,22,26.6,0.199248120300752,0.340415413533835
25.8,52.2,19.3,32.9,0.197568389057751,0.337545592705167
45.9,58.5,20.4,38.1,0.669291338582677,1.1434842519685
31,46.6,21.5,25.1,0.378486055776892,0.646643426294821
26.2,52,20,32,0.19375,0.331021875
23.5,52.2,20.3,31.9,0.100313479623824,0.171385579937304
27.7,56.6,21.8,34.8,0.169540229885057,0.289659482758621
22.3,54.8,19.6,35.2,0.0767045454545454,0.131049715909091
35.6,53.5,18.2,35.3,0.492917847025496,0.84215014164306
33.3,57.4,20.3,37.1,0.350404312668464,0.59866576819407
32.9,48.9,20,28.9,0.44636678200692,0.762617647058823
35.3,56.6,21.4,35.2,0.394886363636364,0.674663352272727
34.5,51.8,18.6,33.2,0.478915662650602,0.818227409638554
29.1,55.7,20.3,35.4,0.248587570621469,0.42471186440678
33.3,58.6,20,38.6,0.344559585492228,0.588680051813471
35.1,57.8,20.3,37.5,0.394666666666667,0.674288
36.6,58.6,21.6,37,0.405405405405405,0.692635135135135
29.6,52.5,19.3,33.2,0.310240963855422,0.530046686746988
32.1,54.4,18.3,36.1,0.382271468144044,0.6531108033241
35.1,58.2,19.3,38.9,0.406169665809769,0.69394087403599
40.2,54.7,22.3,32.4,0.552469135802469,0.943893518518518
39.1,52.5,19.6,32.9,0.592705167173252,1.0126367781155
40.1,54.8,18.6,36.2,0.593922651933702,1.01471685082873
34.6,56.6,21.4,35.2,0.375,0.6406875
35.6,54.7,19.3,35.4,0.46045197740113,0.78668220338983
34.8,54.5,21.7,32.8,0.399390243902439,0.682358231707317
43.4,53.2,20.3,32.9,0.702127659574468,1.19958510638298
37.3,55.8,19.6,36.2,0.488950276243094,0.835371546961326
52.8,54.5,22.4,32.1,0.947040498442368,1.61801869158878
39.9,59.8,22.3,37.5,0.469333333333333,0.801856
28.7,43.2,18.6,24.6,0.410569105691057,0.701457317073171
29.3,57.8,23.6,34.2,0.166666666666667,0.28475
43.5,59.6,21.6,38,0.576315789473684,0.984635526315789
37.4,56.8,24.2,32.6,0.404907975460123,0.69178527607362
43.3,58.6,20.3,38.3,0.600522193211488,1.02599216710183
41,57,22.3,34.7,0.538904899135447,0.92071902017291
34.3,45.2,20,25.2,0.567460317460317,0.969505952380952
34.6,54.8,20.6,34.2,0.409356725146199,0.699385964912281
31.7,54.4,18.6,35.8,0.365921787709497,0.625177374301676
45.2,54.9,19.3,35.6,0.727528089887641,1.24298174157303
47,55.8,19.6,36.2,0.756906077348066,1.29317403314917
22.4,56.8,20.3,36.5,0.0575342465753424,0.0982972602739725
29.9,57.8,20.9,36.9,0.24390243902439,0.416707317073171
41.4,61.5,22.3,39.2,0.487244897959184,0.832457908163265
31.3,46.6,21.5,25.1,0.390438247011952,0.66706374501992
39.6,43.8,19,24.8,0.830645161290323,1.41915725806452
37.5,54.5,23.8,30.7,0.446254071661238,0.762425081433225
41.1,52.5,21.5,31,0.632258064516129,1.08021290322581
37.3,54.8,19.3,35.5,0.507042253521127,0.866281690140845
28.1,57.4,18.5,38.9,0.246786632390746,0.421634961439589
29.7,56.8,22.2,34.6,0.216763005780347,0.370339595375723
35.7,54.7,18.3,36.4,0.478021978021978,0.816700549450549
35.3,55,20,35,0.437142857142857,0.746858571428571
45.7,59.9,22.7,37.2,0.618279569892473,1.05633064516129
45.3,57.9,21.3,36.6,0.655737704918033,1.12032786885246
33.1,62.6,20,42.6,0.307511737089202,0.525383802816901
38.9,59.6,20.3,39.3,0.473282442748092,0.808603053435114
40.5,56.8,19.3,37.5,0.565333333333333,0.965872
48.4,52.4,18.3,34.1,0.882697947214076,1.50808944281525
44,59.6,21.4,38.2,0.591623036649215,1.01078795811518
40,66.6,21.5,45.1,0.41019955654102,0.700825942350333
25.6,56,20,36,0.155555555555556,0.265766666666667
32.4,57.4,21.6,35.8,0.301675977653631,0.515413407821229
38.5,52,18.3,33.7,0.599406528189911,1.02408605341246
41.7,55.8,18.9,36.9,0.617886178861789,1.05565853658537
33.9,59.6,21.5,38.1,0.325459317585302,0.556047244094488
31.9,57.1,19.6,37.5,0.328,0.560388
29.5,59.9,21.6,38.3,0.206266318537859,0.352406005221932
31.7,57.8,22.3,35.5,0.264788732394366,0.452391549295775
29.3,54,19.9,34.1,0.275659824046921,0.470964809384164
27,56.8,21.5,35.3,0.155807365439094,0.266196883852691
32.4,52.2,19.3,32.9,0.398176291793313,0.680284194528875
34.5,54.7,19.9,34.8,0.419540229885057,0.716784482758621
34.3,54.8,18.3,36.5,0.438356164383562,0.748931506849315
32.7,55.6,20.6,35,0.345714285714286,0.590652857142857
33.3,54.7,17.6,37.1,0.423180592991914,0.723004043126684
36,58.8,20.9,37.9,0.398416886543536,0.680695250659631
31.7,54,20,34,0.344117647058824,0.587925
35.2,58.6,20.9,37.7,0.379310344827586,0.648051724137931
33.8,57.5,19.3,38.2,0.379581151832461,0.648514397905759
36.4,54.7,18.2,36.5,0.498630136986301,0.851909589041096
36.6,59.6,20.5,39.1,0.411764705882353,0.7035
27.2,52.5,21.4,31.1,0.186495176848875,0.318627009646302
30.8,53.5,19.6,33.9,0.330383480825959,0.56446017699115
33.7,52.7,19.3,33.4,0.431137724550898,0.73659880239521
21.6,52.5,19.6,32.9,0.060790273556231,0.103860182370821
19.4,54.8,20.3,34.5,-0.0260869565217392,-0.0445695652173914
21.3,54.6,20.3,34.3,0.0291545189504373,0.0498104956268222
20.9,58.6,21.6,37,-0.018918918918919,-0.0323229729729731
18.9,54.7,19.6,35.1,-0.01994301994302,-0.0340726495726497
12.3,52.4,19.6,32.8,-0.222560975609756,-0.380245426829268
38.7,54.7,18.3,36.4,0.56043956043956,0.957510989010989
28.3,56.6,21.5,35.1,0.193732193732194,0.330991452991453
26,59.6,21.4,38.2,0.120418848167539,0.205735602094241
38.8,52.4,19.6,32.8,0.585365853658537,1.00009756097561
32.9,49.6,21.5,28.1,0.405693950177936,0.693128113879003
37.9,46.6,18.2,28.4,0.693661971830986,1.18512147887324
35.4,52.2,20,32.2,0.478260869565217,0.817108695652174
32.4,55.5,21.3,34.2,0.324561403508772,0.554513157894737
33.6,54.6,19.3,35.3,0.405099150141643,0.692111898016997
40.5,57.6,20.3,37.3,0.541554959785523,0.925246648793566
33.3,52.2,19.3,32.9,0.425531914893617,0.727021276595744
50.5,67.5,21,46.5,0.634408602150538,1.08388709677419
51.4,62.8,19.3,43.5,0.737931034482759,1.26075517241379
20,46,20,26,0,0
25,48.6,21.3,27.3,0.135531135531136,0.231554945054945
30.8,48.9,21.2,27.7,0.346570397111913,0.592115523465704
41,42.8,19.6,23.2,0.922413793103448,1.57594396551724
47.5,52.5,20,32.5,0.846153846153846,1.44565384615385
51,56.6,22.2,34.4,0.837209302325581,1.43037209302326
24.7,46,20.3,25.7,0.171206225680934,0.292505836575875
31.9,47.5,21.6,25.9,0.397683397683398,0.679442084942085
29.1,42.8,18.3,24.5,0.440816326530612,0.753134693877551
33.9,46.9,20,26.9,0.516728624535316,0.882830855018587
34.2,47.5,21.5,26,0.488461538461539,0.834536538461539
36.1,45.8,18.2,27.6,0.648550724637681,1.10804891304348
20.9,58.9,20.2,38.7,0.0180878552971576,0.0309031007751938
46.2,54.8,20,34.8,0.752873563218391,1.28628448275862
47.1,59.6,21.5,38.1,0.671916010498688,1.14796850393701
42.9,62.3,20.8,41.5,0.532530120481928,0.909827710843373
45.3,66.8,22.3,44.5,0.51685393258427,0.883044943820225
27.1,56.6,19.3,37.3,0.209115281501341,0.35727345844504
22.4,64.9,20.3,44.6,0.0470852017937219,0.0804450672645739
25.6,57.6,19.3,38.3,0.164490861618799,0.281032637075718
30,55.8,20.5,35.3,0.269121813031162,0.459794617563739
20,54.7,19.3,35.4,0.019774011299435,0.0337838983050847
25.4,54.8,20.3,34.5,0.147826086956522,0.252560869565217
30.1,52.1,19.3,32.8,0.329268292682927,0.562554878048781
25.6,57.8,20.8,37,0.12972972972973,0.221643243243243
27,55.8,19.3,36.5,0.210958904109589,0.360423287671233
24.3,62.5,20.9,41.6,0.0817307692307693,0.139637019230769
29.8,54.7,20,34.7,0.282420749279539,0.482515850144092
39.4,56.9,21.6,35.3,0.504249291784703,0.861509915014164
34.8,52.8,19.3,33.5,0.462686567164179,0.7905
33.9,52.8,18,34.8,0.456896551724138,0.78060775862069
39.7,56.6,21.4,35.2,0.519886363636364,0.888225852272727
26.4,57.4,20,37.4,0.171122994652406,0.292363636363636
34.9,59.6,22.3,37.3,0.337801608579088,0.577134048257373
28.1,52.8,19.6,33.2,0.256024096385542,0.437417168674699
39.2,57.4,19.3,38.1,0.522309711286089,0.892366141732284
31,58.6,20.7,37.9,0.271767810026385,0.464315303430079
29.1,49.6,21.2,28.4,0.278169014084507,0.47525176056338
41.4,57.6,21.6,36,0.55,0.939675
26.9,57.4,21,36.4,0.162087912087912,0.276927197802198
46.9,59.6,20.3,39.3,0.676844783715013,1.1563893129771
36,57.4,19,38.4,0.442708333333333,0.7563671875
37.6,53.2,21,32.2,0.515527950310559,0.88077950310559
42.8,55.7,19.6,36.1,0.642659279778393,1.09798337950138
45.2,54.8,18,36.8,0.739130434782609,1.26280434782609
25.7,40.5,18.6,21.9,0.324200913242009,0.553897260273973
39.4,48.6,22.7,25.9,0.644787644787645,1.10161969111969
31.6,64.5,21.5,43,0.234883720930233,0.401298837209302
35.9,66,21.9,44.1,0.317460317460317,0.542380952380952
25,52.8,21.6,31.2,0.108974358974359,0.186182692307692
26.1,46.3,20.5,25.8,0.217054263565892,0.370837209302326
27.8,56.6,19.3,37.3,0.227882037533512,0.389336461126005
37.9,51.4,19.6,31.8,0.575471698113208,0.983193396226415
38.4,54.8,20,34.8,0.528735632183908,0.903344827586207
36.2,64.6,20.3,44.3,0.358916478555305,0.613208803611738
46.4,68.6,19.6,49,0.546938775510204,0.934444897959184
20.8,43.2,20.5,22.7,0.013215859030837,0.0225792951541851
36.2,48.6,21.5,27.1,0.542435424354244,0.926750922509225
33.3,52.8,18.6,34.2,0.429824561403509,0.734355263157895
34.7,54.8,19.3,35.5,0.433802816901409,0.741152112676056
23.5,48,20,28,0.125,0.2135625
22.6,53.2,21.2,32,0.0437500000000001,0.0747468750000001
31.7,57.6,20.9,36.7,0.294277929155313,0.502773841961853
33.3,55.9,18.6,37.3,0.394101876675603,0.673323056300268
20.7,47.5,20,27.5,0.0254545454545454,0.0434890909090909
31.1,52.5,18.6,33.9,0.368731563421829,0.629977876106195
24.5,57.4,20,37.4,0.120320855614973,0.205568181818182
34.6,59.6,21.6,38,0.342105263157895,0.584486842105263
29,45.8,20.3,25.5,0.341176470588235,0.5829
39.8,42.8,18.3,24.5,0.877551020408163,1.49929591836735
23.4,56.7,17.6,39.1,0.148337595907928,0.253434782608696
26.3,55.4,19.3,36.1,0.193905817174515,0.331288088642659
40,52.5,21.5,31,0.596774193548387,1.01958870967742
37.4,54.5,19.3,35.2,0.514204545454545,0.878518465909091
36.8,49.6,21.5,28.1,0.544483985765125,0.930250889679715
34.8,57,18.6,38.4,0.421875,0.7207734375
38.8,52.5,18.3,34.2,0.599415204678362,1.02410087719298
48.1,51.4,18.6,32.8,0.899390243902439,1.53660823170732
41.3,55.7,19.6,36.1,0.601108033240997,1.02699307479224
33.6,49.6,20.3,29.3,0.453924914675768,0.77553071672355
29.6,46.6,19.3,27.3,0.377289377289377,0.644598901098901
28.3,52.6,21.3,31.3,0.223642172523962,0.382092651757189
29,54.8,19.6,35.2,0.267045454545455,0.456247159090909
29.1,52.5,18.6,33.9,0.309734513274336,0.529181415929204
32.5,52.2,21.5,30.7,0.358306188925081,0.612166123778502
24.5,46.5,20,26.5,0.169811320754717,0.290122641509434
36.5,57.4,21.3,36.1,0.421052631578947,0.719368421052632
23,56.9,21.5,35.4,0.0423728813559322,0.0723940677966102
22.1,57.6,19.3,38.3,0.0731070496083551,0.124903394255875
32.1,55.8,20,35.8,0.337988826815643,0.577453910614525
34.1,61.3,19.9,41.4,0.342995169082126,0.586007246376812
28.7,63.2,22.6,40.6,0.150246305418719,0.256695812807882
25.5,56.5,21.2,35.3,0.121813031161473,0.208117563739377
27.2,52.2,18.6,33.6,0.255952380952381,0.437294642857143
38.8,54.7,19.3,35.4,0.550847457627119,0.941122881355932
33.9,54.8,18.3,36.5,0.427397260273973,0.730208219178082
46.8,55.8,20.3,35.5,0.746478873239437,1.27535915492958
42.9,54.7,19.6,35.1,0.663817663817664,1.13413247863248
30.5,61.3,22.3,39,0.21025641025641,0.359223076923077
30.5,54.6,21.5,33.1,0.27190332326284,0.464546827794562
33.6,66,19.9,46.1,0.297180043383948,0.507732104121475
40.9,62.4,18.6,43.8,0.509132420091324,0.869852739726027
35.6,64.8,18.3,46.5,0.372043010752688,0.635635483870968
28.8,57.4,19,38.4,0.255208333333333,0.4360234375
40.6,56.6,21.4,35.2,0.545454545454546,0.931909090909091
43.3,52.4,18.6,33.8,0.730769230769231,1.24851923076923
37.5,55.8,18.6,37.2,0.508064516129032,0.868028225806452
20.7,54.8,19.6,35.2,0.0312499999999999,0.0533906249999999
23,58.8,20,38.8,0.077319587628866,0.132100515463918
22.5,58.8,19.3,39.5,0.0810126582278481,0.138410126582278
31.6,57.8,20.9,36.9,0.289972899728997,0.495418699186992
38.4,58.6,21.6,37,0.454054054054054,0.775751351351351
29,50.4,21.6,28.8,0.256944444444444,0.438989583333333
24.4,52,20,32,0.1375,0.23491875
28.7,57.6,19.6,38,0.239473684210526,0.409140789473684
42,55.8,20.3,35.5,0.611267605633803,1.04435070422535
33.9,57,19.6,37.4,0.382352941176471,0.65325
31.3,54,19.3,34.7,0.345821325648415,0.590835734870317
32.4,65,22.6,42.4,0.231132075471698,0.394889150943396
32.3,64.8,19.6,45.2,0.280973451327434,0.48004314159292
37.1,66,22,44,0.343181818181818,0.586326136363636
42.5,64.1,19.3,44.8,0.517857142857143,0.884758928571429
33.9,56.6,21.5,35.1,0.353276353276353,0.603572649572649
37.2,55.8,20.6,35.2,0.471590909090909,0.805713068181818
30.8,54.7,20,34.7,0.311239193083574,0.531752161383285
29.1,58.9,22.6,36.3,0.179063360881543,0.305929752066116
36.2,52.7,18.6,34.1,0.516129032258065,0.881806451612903
45.8,54.8,19.6,35.2,0.744318181818182,1.27166761363636
36.5,52.8,17.6,35.2,0.536931818181818,0.917348011363636
36.5,47.4,20.3,27.1,0.597785977859779,1.02131734317343
31.6,43.5,21.5,22,0.459090909090909,0.784356818181818
36.1,46.6,20.5,26.1,0.597701149425287,1.0211724137931
36,58.6,21.4,37.2,0.39247311827957,0.670540322580645
39.9,56.6,20.8,35.8,0.533519553072626,0.911518156424581
27.3,52.5,18.6,33.9,0.256637168141593,0.438464601769912
48.7,57.6,21.6,36,0.752777777777778,1.28612083333333
40.7,48.6,20.3,28.3,0.720848056537103,1.23156890459364
30.2,54.5,18.6,35.9,0.323119777158774,0.552050139275766
20.5,52.5,19.6,32.9,0.0273556231003039,0.0467370820668692
22.9,54.7,21.6,33.1,0.039274924471299,0.0671012084592144
38.3,52.8,19.9,32.9,0.559270516717325,0.95551367781155
31.5,54.7,18.3,36.4,0.362637362637363,0.619565934065934
30,51.5,18,33.5,0.358208955223881,0.612
31.5,46.6,21.4,25.2,0.400793650793651,0.684755952380952
40.1,47.6,21.2,26.4,0.715909090909091,1.22313068181818
39.6,51.5,19.3,32.2,0.630434782608696,1.07709782608696
33,46.3,20,26.3,0.494296577946768,0.844505703422053
32.3,57.4,20,37.4,0.328877005347594,0.561886363636364
29.8,59.6,21.8,37.8,0.211640211640212,0.361587301587302
47.4,52.1,20,32.1,0.853582554517134,1.45834579439252
38.9,57.6,21.5,36.1,0.481994459833795,0.823487534626039
32.4,53.5,20.6,32.9,0.358662613981763,0.612775075987842
45.8,58.8,21.3,37.5,0.653333333333333,1.11622
27.1,52.1,19.6,32.5,0.230769230769231,0.394269230769231
35.6,55.7,18.6,37.1,0.45822102425876,0.782870619946092
49.3,64.5,19.3,45.2,0.663716814159292,1.13396017699115
34.7,64,20,44,0.334090909090909,0.570794318181818
41.5,66.6,18.3,48.3,0.480331262939959,0.820645962732919
26.9,42.8,18,24.8,0.358870967741935,0.613131048387097
21.6,47.5,21.6,25.9,0,0
34.3,42.8,19.6,23.2,0.633620689655172,1.08254094827586
34,40.3,18,22.3,0.717488789237668,1.22582959641256
31.7,58.9,20.8,38.1,0.286089238845144,0.488783464566929
27.2,57.4,20,37.4,0.192513368983957,0.328909090909091
26.1,58.6,21.6,37,0.121621621621622,0.207790540540541
35.2,55.8,20.3,35.5,0.419718309859155,0.717088732394366
28.4,54.7,19.6,35.1,0.250712250712251,0.42834188034188
28.7,57.4,20.3,37.1,0.226415094339623,0.386830188679245
36.2,45.5,19.6,25.9,0.640926640926641,1.09502316602317
28,58.8,21.4,37.4,0.176470588235294,0.3015
24.6,59.6,21,38.6,0.0932642487046633,0.159341968911917
27.6,58.5,20,38.5,0.197402597402597,0.337262337662338
27.7,57.4,19.3,38.1,0.220472440944882,0.376677165354331
49.6,54.8,19.3,35.5,0.853521126760563,1.45824084507042
29.7,56.6,21.5,35.1,0.233618233618234,0.399136752136752
43.2,52.2,19.6,32.6,0.723926380368098,1.2368282208589
40.7,47.5,21.6,25.9,0.737451737451738,1.25993629343629
45.3,42,19.3,22.7,1.14537444933921,1.95687224669603
26.5,52.1,19.5,32.6,0.214723926380368,0.366855828220859
36.4,59.3,23.4,35.9,0.362116991643454,0.618676880222841
30.7,58.6,24.2,34.4,0.188953488372093,0.322827034883721
40.9,52.1,19.6,32.5,0.655384615384615,1.11972461538462
37.5,52.4,18.6,33.8,0.559171597633136,0.955344674556213
47.2,55.3,21.4,33.9,0.761061946902655,1.30027433628319
36.2,54.9,19.3,35.6,0.474719101123596,0.811057584269663
17.2,54.5,20,34.5,-0.0811594202898551,-0.138660869565217
28.2,56.6,21.4,35.2,0.193181818181818,0.330051136363636
24.5,58.6,20.7,37.9,0.100263852242744,0.171300791556728
33.3,56.9,20,36.9,0.360433604336043,0.61580081300813
35.8,59.6,22.2,37.4,0.363636363636364,0.621272727272727
19.6,54.8,19.3,35.5,0.00845070422535213,0.0144380281690141
20,42.5,18.6,23.9,0.0585774058577405,0.10007949790795
30,56.8,21,35.8,0.251396648044693,0.429511173184358
25.2,54.7,18.8,35.9,0.178272980501393,0.304579387186629
24.7,54,20,34,0.138235294117647,0.236175
34.8,56.9,22.2,34.7,0.363112391930836,0.620377521613833
36.4,57.5,21.3,36.2,0.417127071823204,0.712661602209945
31.3,58.5,22.6,35.9,0.242339832869081,0.414037604456824
33.7,64.6,22.3,42.3,0.269503546099291,0.460446808510638
29.3,67.6,22.1,45.5,0.158241758241758,0.270356043956044
32.7,68.9,21.6,47.3,0.234672304439746,0.400937632135307
36.7,66.6,20,46.6,0.358369098712446,0.612273605150215
35,67.4,19.6,47.8,0.322175732217573,0.550437238493724
30.4,57.4,19,38.4,0.296875,0.5072109375
29.9,52.5,18.2,34.3,0.341107871720117,0.582782798833819
33.6,54.6,21.6,33,0.363636363636364,0.621272727272727
32.1,54.7,19.3,35.4,0.361581920903955,0.617762711864407
45.5,45.3,20,25.3,1.00790513833992,1.72200592885376
38.5,48.9,21.3,27.6,0.623188405797101,1.06471739130435
37.2,52.5,19.6,32.9,0.534954407294833,0.913969604863222
37.8,54.7,18,36.7,0.539509536784741,0.92175204359673
43,56.6,23.5,33.1,0.589123867069486,1.00651812688822
37,42.5,20.3,22.2,0.752252252252252,1.28522297297297
38.5,48.6,20,28.6,0.646853146853147,1.1051486013986
44.3,51.5,19.6,31.9,0.774294670846395,1.32288244514107
41.2,52.5,18.6,33.9,0.666666666666667,1.139
36.9,54.7,19.3,35.4,0.497175141242938,0.849423728813559
41.4,57.4,21.6,35.8,0.553072625698324,0.944924581005586
23.5,47.4,18.3,29.1,0.178694158075601,0.305298969072165
24.5,46.6,21.2,25.4,0.12992125984252,0.221970472440945
8.3,53.5,20.5,33,-0.36969696969697,-0.631627272727273
37,57.4,21.6,35.8,0.430167597765363,0.734941340782123
36.2,52.5,21.1,31.4,0.480891719745223,0.821603503184713
30.7,54.8,19.3,35.5,0.32112676056338,0.548645070422535
31.7,55.8,18.3,37.5,0.357333333333333,0.610504
38.8,51.4,18.9,32.5,0.612307692307692,1.04612769230769
36.2,54.8,19.9,34.9,0.467048710601719,0.797952722063038
36.9,54.7,21.3,33.4,0.467065868263473,0.797982035928143
23.8,51.8,18.6,33.2,0.156626506024096,0.267596385542169
33.8,52.8,18,34.8,0.454022988505747,0.775698275862069
39.2,55.6,20.3,35.3,0.535410764872521,0.914749291784703
39.9,54.1,21.3,32.8,0.567073170731707,0.968844512195122
31.9,55.8,20.9,34.9,0.315186246418338,0.538495702005731
26.2,55.1,21.3,33.8,0.144970414201183,0.247681952662722
23.3,54.2,20.3,33.9,0.0884955752212389,0.151194690265487
31,51,21.5,29.5,0.322033898305085,0.550194915254237
32.1,46.6,20,26.6,0.454887218045113,0.777174812030075
35.4,48,20.3,27.7,0.545126353790614,0.931348375451264
41.1,57.4,21.5,35.9,0.545961002785515,0.932774373259053
32.6,56.6,21.5,35.1,0.316239316239316,0.540294871794872
49.6,58,20,38,0.778947368421053,1.33083157894737
41.9,61.6,21.5,40.1,0.508728179551122,0.869162094763092
48.7,66.6,20.5,46.1,0.611713665943601,1.04511279826464
35.3,54.7,19.3,35.4,0.451977401129943,0.772203389830508
36.9,52.2,18.3,33.9,0.548672566371681,0.937407079646017
45.1,54.7,18.3,36.4,0.736263736263736,1.25790659340659
40.3,48.6,20.3,28.3,0.706713780918728,1.20742049469965
36.5,42.8,18.6,24.2,0.739669421487603,1.26372520661157
36.8,55.8,17.6,38.2,0.50261780104712,0.858722513089005
39.8,52.5,19.3,33.2,0.617469879518072,1.05494728915663
38.9,52.4,18.3,34.1,0.604105571847507,1.03211436950147
32,52.4,19.6,32.8,0.378048780487805,0.645896341463415
35.7,48,20,28,0.560714285714286,0.957980357142857
37.9,47.5,22.3,25.2,0.619047619047619,1.05764285714286
23.8,52.1,19.9,32.2,0.12111801242236,0.206930124223603
24.8,52.6,19,33.6,0.172619047619048,0.294919642857143
35.7,47,19.6,27.4,0.587591240875913,1.0038996350365
26.7,47.5,20.3,27.2,0.235294117647059,0.402
26.7,54.8,19.6,35.2,0.201704545454545,0.344612215909091
42,45.5,22.2,23.3,0.849785407725322,1.45185836909871
26.2,55.5,18.3,37.2,0.212365591397849,0.362826612903226
27.5,55.8,20,35.8,0.209497206703911,0.357925977653631
31.7,57.4,20.3,37.1,0.307277628032345,0.524983827493261
36.7,52,18.3,33.7,0.545994065281899,0.932830860534125
38.5,54,20.9,33.1,0.531722054380665,0.908447129909366
19.7,42.8,19.6,23.2,0.00431034482758612,0.00736422413793088
22.8,39.6,20.4,19.2,0.125,0.2135625
46.2,62.3,20,42.3,0.619385342789598,1.05821985815603
25.8,68.6,21.5,47.1,0.0912951167728238,0.155977707006369
29.7,65.3,20.3,45,0.208888888888889,0.356886666666667
20.2,64.7,19.6,45.1,0.0133037694013303,0.0227294900221729
30.5,54.5,20.3,34.2,0.298245614035088,0.509552631578947
30.4,54.7,19.6,35.1,0.307692307692308,0.525692307692308
23.2,45.3,21.5,23.8,0.0714285714285714,0.122035714285714
23.9,40.3,22.3,18,0.0888888888888888,0.151866666666666
28.7,46.9,20,26.9,0.323420074349442,0.552563197026022
28.2,47.5,19.6,27.9,0.308243727598566,0.526634408602151
26.3,42.5,19.3,23.2,0.301724137931035,0.515495689655172
21.9,57.4,20.3,37.1,0.0431266846361185,0.0736819407008085
31.9,52.8,19.3,33.5,0.376119402985075,0.6426
30.2,57.9,20.8,37.1,0.253369272237197,0.432881401617251
34.6,58,23.6,34.4,0.319767441860465,0.546322674418605
43.1,59.6,22.2,37.4,0.558823529411765,0.95475
30.1,56.7,18.6,38.1,0.301837270341207,0.515688976377953
22,57.8,20.3,37.5,0.0453333333333333,0.077452
31,54.8,19.6,35.2,0.323863636363636,0.553321022727273
36,54.7,18.6,36.1,0.481994459833795,0.823487534626039
29.9,54,19,35,0.311428571428571,0.532075714285714
42.9,57.3,20.3,37,0.610810810810811,1.04357027027027
38.5,59.6,22.2,37.4,0.435828877005348,0.744613636363636
46.9,57.9,19.6,38.3,0.712793733681462,1.21780809399478
47.1,57.8,20.5,37.3,0.71313672922252,1.21839410187668
46,38.6,20,18.6,1.39784946236559,2.38822580645161
43.4,54.5,20,34.5,0.678260869565217,1.15880869565217
28.4,55.8,18.3,37.5,0.269333333333333,0.460156
24,57.5,20.3,37.2,0.0994623655913978,0.169931451612903
26.4,57.5,20.9,36.6,0.150273224043716,0.256741803278689
26.8,40.6,20.3,20.3,0.320197044334975,0.547056650246305
41.9,38.5,20.3,18.2,1.18681318681319,2.02767032967033
22.1,47.2,21.6,25.6,0.01953125,0.033369140625
24.7,42.5,20.6,21.9,0.187214611872146,0.319856164383561
23.3,37.5,20.1,17.4,0.183908045977011,0.314206896551724
22.1,37.5,19.6,17.9,0.139664804469274,0.238617318435754
27.6,37.9,20.2,17.7,0.418079096045198,0.714288135593221
23.6,47.5,20.3,27.2,0.121323529411765,0.20728125
23,46.6,21.8,24.8,0.0483870967741935,0.0826693548387096
24.6,46.6,21.4,25.2,0.126984126984127,0.216952380952381
9.6,40.2,22.2,18,-0.7,-1.19595
26.1,52.5,18.6,33.9,0.221238938053097,0.377986725663717
24.2,54.7,19.6,35.1,0.131054131054131,0.223905982905983
25.3,58.5,20.9,37.6,0.117021276595745,0.19993085106383
22.2,46.5,21.8,24.7,0.0161943319838056,0.0276680161943319
27.3,46.6,20.3,26.3,0.266159695817491,0.454733840304182
23.7,48.6,20.8,27.8,0.10431654676259,0.178224820143885
25.9,47.5,21.6,25.9,0.166023166023166,0.283650579150579
30,46.6,20.8,25.8,0.356589147286822,0.609232558139535
23.5,57.6,21.6,36,0.0527777777777777,0.0901708333333333
21.7,43.6,19.9,23.7,0.0759493670886076,0.129759493670886
23.2,42.5,20.9,21.6,0.106481481481482,0.181923611111111
25.4,58,20.3,37.7,0.135278514588859,0.231123342175066
21.5,54.7,21.2,33.5,0.00895522388059704,0.0153
33.1,49.6,21.3,28.3,0.41696113074205,0.712378091872792
28,38.9,21.4,17.5,0.377142857142857,0.644348571428572
27.5,43.5,20,23.5,0.319148936170213,0.545265957446809
36.2,57.5,20.3,37.2,0.42741935483871,0.730245967741936
34.3,52.8,18.6,34.2,0.45906432748538,0.784311403508772
12.8,45.3,20,25.3,-0.284584980237154,-0.486213438735178
35.9,42.5,23.6,18.9,0.650793650793651,1.11188095238095
23.1,37.5,21.3,16.2,0.111111111111111,0.189833333333333
34.5,45.6,21.7,23.9,0.535564853556485,0.915012552301255
23,49.6,22.3,27.3,0.0256410256410256,0.0438076923076923
43.6,52.6,18.3,34.3,0.737609329446064,1.2602055393586
20.7,57.4,20.3,37.1,0.0107816711590296,0.0184204851752021
25.3,56.6,21.7,34.9,0.103151862464183,0.176234957020057
33.8,56,20,36,0.383333333333333,0.654925
21.7,43,21.5,21.5,0.00930232558139532,0.0158930232558139
41.9,48.9,20.3,28.6,0.755244755244755,1.29033566433566
32.3,47.5,20.6,26.9,0.434944237918215,0.743102230483271
29.3,55.8,18.3,37.5,0.293333333333333,0.50116
25.3,56.6,20.1,36.5,0.142465753424658,0.243402739726027
25.2,57,22.3,34.7,0.0835734870317002,0.14278530259366
24,56.6,21.4,35.2,0.0738636363636364,0.126196022727273
24.1,39.6,21.5,18.1,0.143646408839779,0.245419889502763
28.2,37.5,20.4,17.1,0.456140350877193,0.779315789473684
23.2,42.5,23,19.5,0.0102564102564102,0.0175230769230769
23.8,48.6,22.5,26.1,0.049808429118774,0.0850977011494253
21.1,54.2,20,34.2,0.0321637426900585,0.054951754385965
36,43.5,20,23.5,0.680851063829787,1.16323404255319
36.6,45.8,18.6,27.2,0.661764705882353,1.130625
36.6,47.6,21.2,26.4,0.583333333333333,0.996625
48.8,47.5,21.9,25.6,1.05078125,1.795259765625
21.2,58.8,20,38.8,0.0309278350515464,0.052840206185567
24.1,56.6,21.5,35.1,0.0740740740740741,0.126555555555556
30.4,57.6,21.6,36,0.244444444444444,0.417633333333333
28.5,52,19.7,32.3,0.272445820433437,0.465473684210526
34.6,42.5,21.5,21,0.623809523809524,1.06577857142857
33.8,65.5,18.9,46.6,0.319742489270386,0.546280042918455
40.9,61.5,19.6,41.9,0.508353221957041,0.868521479713604
37.2,66.6,20.3,46.3,0.365010799136069,0.623620950323974
35.9,64.7,18.6,46.1,0.37527114967462,0.641150759219089
33.8,62,21.2,40.8,0.308823529411765,0.527625
27.3,46.6,21.8,24.8,0.221774193548387,0.378901209677419
24.8,55,20,35,0.137142857142857,0.234308571428571
36.2,56.6,21.7,34.9,0.415472779369628,0.709835243553009
42.3,49.6,21,28.6,0.744755244755245,1.27241433566434
37.5,46.6,20.4,26.2,0.652671755725191,1.11508969465649
41.4,45.8,20,25.8,0.829457364341085,1.41712790697674
38.5,57.8,20.6,37.2,0.481182795698925,0.822100806451613
36.4,58.8,20,38.8,0.422680412371134,0.722149484536082
30.3,47.4,21.6,25.8,0.337209302325581,0.576122093023256
43,45.8,21.3,24.5,0.885714285714286,1.51324285714286
38.8,48,20,28,0.671428571428571,1.14713571428571
42.5,52.5,19.6,32.9,0.696048632218845,1.1891990881459
41.8,54.8,20.3,34.5,0.623188405797101,1.06471739130435
22.4,54.7,19.6,35.1,0.0797720797720797,0.136290598290598
34.8,55.8,19.3,36.5,0.424657534246575,0.725527397260274
34.3,54.7,19.5,35.2,0.420454545454545,0.718346590909091
33.8,46.9,20.3,26.6,0.507518796992481,0.867095864661654
31.5,64.8,19.6,45.2,0.263274336283186,0.449804203539823
39.6,66.8,19.3,47.5,0.427368421052632,0.730158947368421
27.2,64.5,23.5,41,0.0902439024390244,0.154181707317073
43,64,20.2,43.8,0.52054794520548,0.889356164383562
40.6,57.8,20.6,37.2,0.537634408602151,0.918548387096774
18.8,42.1,18.6,23.5,0.00851063829787231,0.0145404255319148
27.2,57.5,20.6,36.9,0.178861788617886,0.305585365853658
37,59.7,20.3,39.4,0.423857868020305,0.72416116751269
28.7,54.7,18.6,36.1,0.279778393351801,0.478001385041551
21.1,58.6,20.3,38.3,0.02088772845953,0.0356866840731071
26.1,55.8,20,35.8,0.170391061452514,0.29111312849162
25.6,64.6,20.6,44,0.113636363636364,0.194147727272727
33.3,64.5,19.6,44.9,0.305122494432071,0.521301781737194
29.8,57.4,21.6,35.8,0.229050279329609,0.391332402234637
25.2,55.9,20.6,35.3,0.130311614730878,0.222637393767705
26,54.8,20.3,34.5,0.165217391304348,0.282273913043478
32.6,54.7,19.6,35.1,0.37037037037037,0.632777777777778
23.8,58,20,38,0.1,0.17085
28.5,62.1,19.3,42.8,0.214953271028037,0.367247663551402
32.8,66.6,20.8,45.8,0.262008733624454,0.44764192139738
21.2,64.6,19.9,44.7,0.029082774049217,0.0496879194630873
25.8,61.5,20.3,41.2,0.133495145631068,0.22807645631068
27.7,54.7,19.6,35.1,0.230769230769231,0.394269230769231
38,48.6,21.5,27.1,0.608856088560886,1.04023062730627
22.3,52.2,21.6,30.6,0.022875816993464,0.0390833333333333
22.6,56.9,20,36.9,0.0704607046070461,0.120382113821138
34.6,62.1,19.6,42.5,0.352941176470588,0.603
40.2,64.5,18.6,45.9,0.470588235294118,0.804
30.4,47.4,19.9,27.5,0.381818181818182,0.652336363636364
25.3,54.5,19.6,34.9,0.163323782234957,0.279038681948424
23.8,55.9,20.6,35.3,0.0906515580736544,0.154878186968839
31.1,54.6,20,34.6,0.320809248554913,0.548102601156069
32.4,55.5,19.6,35.9,0.356545961002785,0.609158774373259
28.7,54.8,22.3,32.5,0.196923076923077,0.336443076923077
31.5,57.5,19.3,38.2,0.319371727748691,0.545646596858639
38.1,55.8,20,35.8,0.505586592178771,0.86379469273743
35.2,61.6,20.3,41.3,0.360774818401937,0.61638377723971
26.3,57.5,20.6,36.9,0.154471544715447,0.263914634146341
29.1,58.9,20.6,38.3,0.221932114882507,0.379171018276762
29.3,54.6,19.6,35,0.277142857142857,0.473498571428571
28.9,57.5,20.9,36.6,0.218579234972678,0.37344262295082
23.9,54.1,19.3,34.8,0.132183908045977,0.225836206896552
24.8,52.2,20.3,31.9,0.141065830721003,0.241010971786834
24.6,64.6,22,42.6,0.0610328638497653,0.104274647887324
24.8,66.3,21.6,44.7,0.0715883668903803,0.122308724832215
23.3,54.6,20.5,34.1,0.0821114369501467,0.140287390029326
27.1,68.5,19.3,49.2,0.158536585365854,0.270859756097561
30.2,52.5,18.6,33.9,0.342182890855457,0.584619469026549
38.5,54.5,20.3,34.2,0.532163742690058,0.909201754385965
26.9,54.7,18,36.7,0.242506811989101,0.414322888283379
28.2,49.6,21,28.6,0.251748251748252,0.430111888111888
26.3,44.9,19.3,25.6,0.2734375,0.46716796875
23.4,45.8,18.2,27.6,0.188405797101449,0.321891304347826
30.1,46.9,20.3,26.6,0.368421052631579,0.629447368421053
34.3,54.5,20.3,34.2,0.409356725146199,0.69938596491228
22.7,59.6,20.4,39.2,0.0586734693877551,0.10024362244898
24.6,53.6,21.6,32,0.09375,0.160171875
31.3,57.6,19,38.6,0.318652849740933,0.544418393782383
32,60.4,22.3,38.1,0.254593175853018,0.434972440944882
28.9,64.5,21.8,42.7,0.166276346604215,0.284083138173302
39.6,63.5,18,45.5,0.474725274725275,0.811068131868132
23.5,48.6,21.5,27.1,0.0738007380073801,0.126088560885609
26.8,49,20.8,28.2,0.212765957446809,0.363510638297872
27.1,47.5,21.6,25.9,0.212355212355212,0.36280888030888
25,52.2,18.3,33.9,0.1976401179941,0.33766814159292
21.4,56.6,20.3,36.3,0.0303030303030303,0.0517727272727272
33.1,62.5,18.6,43.9,0.330296127562642,0.564310933940775
36,64.6,20.6,44,0.35,0.597975
36.7,55.8,20,35.8,0.466480446927374,0.796981843575419
35.6,59.6,22.2,37.4,0.358288770053476,0.612136363636364
37.8,64.4,19.6,44.8,0.40625,0.694078125
29.7,46.5,20.8,25.7,0.346303501945525,0.59165953307393
31.3,58.6,20,38.6,0.292746113989637,0.500156735751295
33,56.6,21.5,35.1,0.327635327635328,0.559764957264957
32.6,55.8,18.9,36.9,0.371273712737127,0.634321138211382
30.8,51.5,18.3,33.2,0.376506024096386,0.643260542168675
41,55,20.2,34.8,0.597701149425287,1.0211724137931
27.3,56.6,20.1,36.5,0.197260273972603,0.337019178082192
38.2,59.6,21.4,38.2,0.43979057591623,0.75138219895288
28.6,55.7,18.3,37.4,0.275401069518717,0.470522727272727
42.6,54.8,19.6,35.2,0.653409090909091,1.11634943181818
42.7,52.5,19.6,32.9,0.702127659574468,1.19958510638298
31.3,51.4,19.6,31.8,0.367924528301887,0.628599056603774
46.5,46.6,20,26.6,0.996240601503759,1.70207706766917
38.3,47.8,20.6,27.2,0.650735294117647,1.11178125
41,47,20,27,0.777777777777778,1.32883333333333
19,56.3,21.5,34.8,-0.0718390804597701,-0.122737068965517
42.9,55.2,20.3,34.9,0.64756446991404,1.10636389684814
35.7,59.9,20,39.9,0.393483709273183,0.672266917293233
37.9,61.5,21.5,40,0.41,0.700485
36.8,57.4,18.6,38.8,0.469072164948454,0.801409793814433
38.5,56.6,20,36.6,0.505464480874317,0.863586065573771
30.4,52.2,21.2,31,0.296774193548387,0.507038709677419
40.2,56.6,21.4,35.2,0.534090909090909,0.912494318181818
46.6,55.8,19.3,36.5,0.747945205479452,1.27786438356164
47.8,56.3,20.2,36.1,0.764542936288089,1.3062216066482
25,58.6,20.2,38.4,0.125,0.2135625
23.4,46.6,20.8,25.8,0.10077519379845,0.172174418604651
46.6,47,21.1,25.9,0.984555984555985,1.6821138996139
47.8,54.5,20.2,34.3,0.80466472303207,1.37476967930029
13,61.5,21.5,40,-0.2125,-0.36305625
25,54.7,18.3,36.4,0.184065934065934,0.314476648351648
23.4,55.5,21.3,34.2,0.0614035087719298,0.104907894736842
46.6,58,21.6,36.4,0.686813186813187,1.17342032967033
43.5,55.6,2.3,53.3,0.772983114446529,1.3206416510319
30.7,51.2,19.6,31.6,0.35126582278481,0.600137658227848
35.8,63.6,19.6,44,0.368181818181818,0.629038636363636
32.7,45.6,20.5,25.1,0.48605577689243,0.830426294820717
33,52.2,20,32.2,0.403726708074534,0.689767080745342
36.8,58,21.6,36.4,0.417582417582418,0.71343956043956
32.3,54.7,19.3,35.4,0.367231638418079,0.627415254237288
29.4,54.7,18.2,36.5,0.306849315068493,0.52425205479452
23.3,55.8,19.6,36.2,0.102209944751381,0.174625690607735
28.4,56.6,21.5,35.1,0.196581196581197,0.335858974358974
35,57.8,19.3,38.5,0.407792207792208,0.696712987012987
37.1,55.5,18,37.5,0.509333333333333,0.870196
29.6,55,20,35,0.274285714285714,0.468617142857143
45,43.5,21.5,22,1.06818181818182,1.82498863636364
31.4,52.2,20.3,31.9,0.347962382445141,0.594493730407523
43.2,55.9,20,35.9,0.646239554317549,1.10410027855153
32,56.6,24.3,32.3,0.238390092879257,0.407289473684211
33.9,52,23.3,28.7,0.369337979094077,0.63101393728223
23.4,51.4,19.6,31.8,0.119496855345912,0.20416037735849
28.7,64.6,20.3,44.3,0.18961625282167,0.323959367945824
31.1,64.8,19.6,45.2,0.254424778761062,0.434684734513274
28.7,61.5,19.6,41.9,0.217183770883055,0.371058472553699
28.8,56.6,20.8,35.8,0.223463687150838,0.381787709497207
25.7,57.8,19.9,37.9,0.153034300791557,0.261459102902375
33.8,54.8,22.3,32.5,0.353846153846154,0.604546153846154
33.1,57.5,19.3,38.2,0.361256544502618,0.617206806282723
27.4,55.8,20,35.8,0.206703910614525,0.353153631284916
34.1,61.6,20.3,41.3,0.334140435835351,0.570878934624697
34.4,57.5,20.6,36.9,0.373983739837398,0.638951219512195
28.7,54.8,22.3,32.5,0.196923076923077,0.336443076923077
31.5,57.5,19.3,38.2,0.319371727748691,0.545646596858639
38.1,55.8,20,35.8,0.505586592178771,0.86379469273743
35.2,61.6,20.3,41.3,0.360774818401937,0.61638377723971
26.3,57.5,20.6,36.9,0.154471544715447,0.263914634146341
29.1,58.9,20.6,38.3,0.221932114882507,0.379171018276762
29.3,54.6,19.6,35,0.277142857142857,0.473498571428571
28.9,57.5,20.9,36.6,0.218579234972678,0.37344262295082
23.9,54.1,19.3,34.8,0.132183908045977,0.225836206896552
24.8,52.2,20.3,31.9,0.141065830721003,0.241010971786834
24.6,64.6,22,42.6,0.0610328638497653,0.104274647887324
24.8,66.3,21.6,44.7,0.0715883668903803,0.122308724832215
23.3,54.6,20.5,34.1,0.0821114369501467,0.140287390029326
27.1,68.5,19.3,49.2,0.158536585365854,0.270859756097561
30.2,52.5,18.6,33.9,0.342182890855457,0.584619469026549
38.5,54.5,20.3,34.2,0.532163742690058,0.909201754385965
26.9,54.7,18,36.7,0.242506811989101,0.414322888283379
28.2,49.6,21,28.6,0.251748251748252,0.430111888111888
26.3,44.9,19.3,25.6,0.2734375,0.46716796875
23.4,45.8,18.2,27.6,0.188405797101449,0.321891304347826
30.1,46.9,20.3,26.6,0.368421052631579,0.629447368421053
34.3,54.5,20.3,34.2,0.409356725146199,0.69938596491228
22.7,59.6,20.4,39.2,0.0586734693877551,0.10024362244898
24.6,53.6,21.6,32,0.09375,0.160171875
31.3,57.6,19,38.6,0.318652849740933,0.544418393782383
32,60.4,22.3,38.1,0.254593175853018,0.434972440944882
28.9,64.5,21.8,42.7,0.166276346604215,0.284083138173302
39.6,63.5,18,45.5,0.474725274725275,0.811068131868132
23.5,48.6,21.5,27.1,0.0738007380073801,0.126088560885609
26.8,49,20.8,28.2,0.212765957446809,0.363510638297872
27.1,47.5,21.6,25.9,0.212355212355212,0.36280888030888
25,52.2,18.3,33.9,0.1976401179941,0.33766814159292
21.4,56.6,20.3,36.3,0.0303030303030303,0.0517727272727272
33.1,62.5,18.6,43.9,0.330296127562642,0.564310933940775
36,64.6,20.6,44,0.35,0.597975
36.7,55.8,20,35.8,0.466480446927374,0.796981843575419
35.6,59.6,22.2,37.4,0.358288770053476,0.612136363636364
37.8,64.4,19.6,44.8,0.40625,0.694078125
29.7,46.5,20.8,25.7,0.346303501945525,0.59165953307393
31.3,58.6,20,38.6,0.292746113989637,0.500156735751295
33,56.6,21.5,35.1,0.327635327635328,0.559764957264957
32.6,55.8,18.9,36.9,0.371273712737127,0.634321138211382
30.8,51.5,18.3,33.2,0.376506024096386,0.643260542168675
41,55,20.2,34.8,0.597701149425287,1.0211724137931
27.3,56.6,20.1,36.5,0.197260273972603,0.337019178082192
38.2,59.6,21.4,38.2,0.43979057591623,0.75138219895288
28.6,55.7,18.3,37.4,0.275401069518717,0.470522727272727
42.6,54.8,19.6,35.2,0.653409090909091,1.11634943181818
42.7,52.5,19.6,32.9,0.702127659574468,1.19958510638298
31.3,51.4,19.6,31.8,0.367924528301887,0.628599056603774
46.5,46.6,20,26.6,0.996240601503759,1.70207706766917
38.3,47.8,20.6,27.2,0.650735294117647,1.11178125
41,47,20,27,0.777777777777778,1.32883333333333
42.9,55.2,20.3,34.9,0.64756446991404,1.10636389684814
35.7,59.9,20,39.9,0.393483709273183,0.672266917293233
37.9,61.5,21.5,40,0.41,0.700485
36.8,57.4,18.6,38.8,0.469072164948454,0.801409793814433
38.5,56.6,20,36.6,0.505464480874317,0.863586065573771
30.4,52.2,21.2,31,0.296774193548387,0.507038709677419
40.2,56.6,21.4,35.2,0.534090909090909,0.912494318181818
46.6,55.8,19.3,36.5,0.747945205479452,1.27786438356164
47.8,56.3,20.2,36.1,0.764542936288089,1.3062216066482
25,58.6,20.2,38.4,0.125,0.2135625
23.4,46.6,20.8,25.8,0.10077519379845,0.172174418604651
46.6,47,21.1,25.9,0.984555984555985,1.6821138996139
43.5,54.5,20.2,34.3,0.67930029154519,1.16058454810496
30.7,61.5,21.5,40,0.23,0.392955
35.8,54.7,18.3,36.4,0.480769230769231,0.821394230769231
32.7,55.5,21.3,34.2,0.333333333333333,0.5695
33,58,21.6,36.4,0.313186813186813,0.53507967032967
36.8,55.6,20.3,35.3,0.46742209631728,0.798590651558074
32.3,51.2,19.6,31.6,0.401898734177215,0.686643987341772
29.4,63.6,19.6,44,0.222727272727273,0.380529545454545
23.3,45.6,20.5,25.1,0.111553784860558,0.190589641434263
28.4,52.2,20,32.2,0.260869565217391,0.445695652173913
35,58,21.6,36.4,0.368131868131868,0.628953296703297
37.1,54.7,19.3,35.4,0.502824858757062,0.859076271186441
29.6,54.7,18.2,36.5,0.312328767123288,0.533613698630137
45,55.8,19.6,36.2,0.701657458563536,1.1987817679558
31.4,56.6,21.5,35.1,0.282051282051282,0.481884615384615
43.2,57.8,19.3,38.5,0.620779220779221,1.0606012987013
32,55.5,18,37.5,0.373333333333333,0.63784
33.9,55,20,35,0.397142857142857,0.678518571428571
23.4,43.5,21.5,22,0.0863636363636363,0.147552272727273
28.7,52.2,20.3,31.9,0.263322884012539,0.449887147335423
31.1,55.9,20,35.9,0.309192200557103,0.528254874651811
28.7,56.6,24.3,32.3,0.136222910216718,0.232736842105263
28.8,52,23.3,28.7,0.191637630662021,0.327412891986063
25.7,51.4,19.6,31.8,0.191823899371069,0.327731132075472
33.8,64.6,20.3,44.3,0.304740406320542,0.520648984198646
33.1,64.8,19.6,45.2,0.298672566371681,0.510282079646018
27.4,61.5,19.6,41.9,0.186157517899761,0.318050119331742
34.1,56.6,20.8,35.8,0.371508379888268,0.634722067039106
34.4,57.8,19.9,37.9,0.382585751978892,0.653647757255937
27.9,64.8,18.3,46.5,0.206451612903226,0.352722580645161
24.8,52.4,20.3,32.1,0.14018691588785,0.239509345794393
30.1,54.9,19.6,35.3,0.297450424929179,0.508194050991502
27.4,55.8,20.3,35.5,0.2,0.3417
32.1,54.7,19.6,35.1,0.356125356125356,0.608440170940171
27.9,52.5,21.6,30.9,0.203883495145631,0.348334951456311
31.7,66.6,20,46.6,0.251072961373391,0.428958154506438
35.8,55.6,20.3,35.3,0.439093484419263,0.750191218130311
38.4,54.4,19.6,34.8,0.540229885057471,0.92298275862069
39,52,20.3,31.7,0.589905362776025,1.00785331230284
35,54,19.6,34.4,0.447674418604651,0.764851744186046
39.7,54.5,18.6,35.9,0.587743732590529,1.00416016713092
32.3,54.5,20.6,33.9,0.345132743362832,0.589659292035398
37.4,58.9,20,38.9,0.447300771208226,0.764213367609254
22.3,45.3,21.5,23.8,0.0336134453781513,0.0574285714285715
23.9,47.5,20.6,26.9,0.12267657992565,0.209592936802974
28.7,43.5,20.7,22.8,0.350877192982456,0.599473684210526
40.8,55.8,20,35.8,0.581005586592179,0.992648044692737
34.9,55.2,20,35.2,0.423295454545455,0.723200284090909
31.5,56.4,19.6,36.8,0.323369565217391,0.552476902173913
35.7,54.8,19.6,35.2,0.457386363636364,0.781444602272727
6.5,47.9,20.3,27.6,-0.5,-0.85425
39.5,55.8,20,35.8,0.544692737430168,0.930607541899441
27.4,56.6,22.2,34.4,0.151162790697674,0.258261627906977
21.9,59.6,21.5,38.1,0.010498687664042,0.0179370078740157
43,62.8,24.2,38.6,0.487046632124352,0.832119170984456
43.3,46.9,20.3,26.6,0.864661654135338,1.47727443609023
33.7,67.4,19.6,47.8,0.294979079497908,0.503971757322176
29.5,54.8,19.6,35.2,0.28125,0.480515625
43.8,52.8,18.5,34.3,0.737609329446064,1.2602055393586
33.1,55.8,20,35.8,0.365921787709497,0.625177374301676
46.3,56.6,20.7,35.9,0.713091922005571,1.21831754874652
28,57.4,19.6,37.8,0.222222222222222,0.379666666666667
32.8,55,20,35,0.365714285714286,0.624822857142857
33.1,61.5,21.6,39.9,0.288220551378446,0.492424812030075
21.1,62,18.6,43.4,0.0576036866359447,0.0984158986175115
45.2,64.8,19.6,45.2,0.566371681415929,0.967646017699115
29,64.6,19.6,45,0.208888888888889,0.356886666666667
26.2,58.9,22.3,36.6,0.10655737704918,0.182053278688525
27.6,57.6,20.6,37,0.189189189189189,0.32322972972973
32.5,54.6,20.6,34,0.35,0.597975
26,58.9,19.6,39.3,0.162849872773537,0.278229007633588
27.9,55.5,18.3,37.2,0.258064516129032,0.440903225806451
31.6,56.6,20.4,36.2,0.30939226519337,0.528596685082873
31.7,57.6,21.6,36,0.280555555555556,0.479329166666667
31.1,49.6,20.6,29,0.362068965517241,0.618594827586207
34.4,55.8,18.6,37.2,0.424731182795699,0.725653225806452
26.8,49.6,21.4,28.2,0.191489361702128,0.327159574468085
37.1,42.8,20.3,22.5,0.746666666666667,1.27568
37.3,46.5,20.2,26.3,0.650190114068441,1.11084980988593
38.9,47.6,21.5,26.1,0.666666666666667,1.139
40.4,47.6,21,26.6,0.729323308270677,1.24604887218045
36.3,55.8,19.3,36.5,0.465753424657534,0.795739726027397
42,55.5,20.5,35,0.614285714285714,1.04950714285714
30.4,54.1,19.6,34.5,0.31304347826087,0.534834782608695
35.6,47.6,20.6,27,0.555555555555556,0.949166666666667
26.3,44.9,18.3,26.6,0.300751879699248,0.513834586466165
41.8,48.6,21.3,27.3,0.750915750915751,1.28293956043956
31.9,54.4,19.6,34.8,0.353448275862069,0.603866379310345
27,54.5,20.6,33.9,0.188790560471976,0.322548672566372
37.1,48.9,20.3,28.6,0.587412587412588,1.00359440559441
47.3,58.9,20,38.9,0.701799485861183,1.19902442159383
41.4,50.5,21.5,29,0.686206896551724,1.17238448275862
23.2,56.6,21.7,34.9,0.0429799426934097,0.0734312320916905
46.2,47.8,20.3,27.5,0.941818181818182,1.60909636363636
35.8,55.8,21.6,34.2,0.415204678362573,0.709377192982456
39.3,58.6,20,38.6,0.5,0.85425
40.4,56.6,21.5,35.1,0.538461538461538,0.919961538461538
32.5,49.6,21,28.6,0.402097902097902,0.686984265734266
27.3,49.9,22.3,27.6,0.181159420289855,0.309510869565217
30.2,47.5,19,28.5,0.392982456140351,0.67141052631579
44.1,51.5,21.3,30.2,0.754966887417219,1.28986092715232
42,54.8,18.6,36.2,0.646408839779006,1.10438950276243
41.5,55.8,19.3,36.5,0.608219178082192,1.03914246575342
31.7,54.6,19.6,35,0.345714285714286,0.590652857142857
32.8,64.7,19.6,45.1,0.292682926829268,0.500048780487805
25.6,55.8,18.3,37.5,0.194666666666667,0.332588
42.6,54.6,20.6,34,0.647058823529412,1.1055
37.2,47.6,20,27.6,0.623188405797102,1.06471739130435
48.9,46.6,19.6,27,1.08518518518519,1.85403888888889
30.8,65.2,21,44.2,0.221719457013575,0.378807692307692
28.8,59.6,21.3,38.3,0.195822454308094,0.334562663185379
44.7,62.5,18.6,43.9,0.594533029612756,1.01575968109339
48.7,64.5,19.9,44.6,0.645739910313901,1.1032466367713
47.3,60.5,20.3,40.2,0.671641791044776,1.1475
34.6,55.8,19,36.8,0.423913043478261,0.724255434782609
47.1,48.6,20.3,28.3,0.946996466431095,1.61794346289753
38.9,47.6,20,27.6,0.684782608695652,1.16995108695652
46.5,53.2,20,33.2,0.798192771084337,1.36371234939759
48,55.8,19.6,36.2,0.784530386740332,1.34037016574586
46.9,44,20,24,1.12083333333333,1.91494375
29.1,65.8,19,46.8,0.215811965811966,0.368714743589744
21.1,55,20,35,0.0314285714285715,0.0536957142857144
46.2,56.3,22.4,33.9,0.702064896755162,1.19947787610619
33.7,57.5,22.8,34.7,0.314121037463977,0.536675792507205
39.6,56.6,20.3,36.3,0.53168044077135,0.908376033057851
41.9,52.8,18.2,34.6,0.684971098265896,1.17027312138728
31.2,66.4,18.3,48.1,0.268191268191268,0.458204781704782
50.8,57.4,20.3,37.1,0.822102425876011,1.40456199460916
40.9,52.8,19.3,33.5,0.644776119402985,1.1016
55.1,51.4,18.3,33.1,1.11178247734139,1.89948036253776
45.1,55.7,19.3,36.4,0.708791208791209,1.21096978021978
46.8,62.5,18,44.5,0.647191011235955,1.10572584269663
32.7,61.2,22.2,39,0.269230769230769,0.459980769230769
40.9,56.6,21.5,35.1,0.552706552706553,0.944299145299145
43.8,57,20.4,36.6,0.639344262295082,1.09231967213115
33.8,55.8,22.3,33.5,0.343283582089552,0.5865
39.6,54,19.3,34.7,0.585014409221902,0.99949711815562
34.3,38,20.3,17.7,0.790960451977401,1.35135593220339
33.3,47.5,21,26.5,0.464150943396226,0.793001886792453
29.6,46.6,20.3,26.3,0.35361216730038,0.6041463878327
39.2,47.8,20.6,27.2,0.683823529411765,1.1683125
46,47.5,21,26.5,0.943396226415094,1.61179245283019
27.6,57.4,18.6,38.8,0.231958762886598,0.396301546391753
31.7,52.1,19.3,32.8,0.378048780487805,0.645896341463415
43.3,54.6,20.3,34.3,0.670553935860058,1.14564139941691
42.3,57.4,18.3,39.1,0.61381074168798,1.04869565217391
56.5,55.9,22.3,33.6,1.01785714285714,1.73900892857143
30.6,54.7,20.1,34.6,0.303468208092486,0.518475433526012
25.4,47.9,20.6,27.3,0.175824175824176,0.300395604395604
25,46.5,22.8,23.7,0.0928270042194093,0.158594936708861
64.3,54.7,19.9,34.8,1.27586206896552,2.17981034482759
46.3,47.5,20.3,27.2,0.955882352941176,1.633125
38.3,52.5,19.2,33.3,0.573573573573574,0.97995045045045
35.3,54.5,20,34.5,0.443478260869565,0.757682608695652
45.5,52.1,19.3,32.8,0.798780487804878,1.36471646341463
36.1,52.2,18.2,34,0.526470588235294,0.899475
34.4,57.4,19.3,38.1,0.396325459317585,0.677122047244094
39.3,52.8,18.3,34.5,0.608695652173913,1.03995652173913
37.6,55.8,13.3,42.5,0.571764705882353,0.97686
46.9,54.8,8.6,46.2,0.829004329004329,1.4163538961039
32.1,46.6,20.8,25.8,0.437984496124031,0.748296511627907
44.3,52.8,19.6,33.2,0.743975903614458,1.2710828313253
48.3,54.7,20,34.7,0.815561959654179,1.39338760806916
48,46.8,20.6,26.2,1.04580152671756,1.78675190839695
30.5,57.4,23.5,33.9,0.206489675516224,0.352787610619469
24.5,54.5,19.6,34.9,0.140401146131805,0.239875358166189
36.5,52.8,18.6,34.2,0.523391812865497,0.894214912280702
37.5,54.8,17.3,37.5,0.538666666666667,0.920312
36.3,48.6,21.3,27.3,0.549450549450549,0.938736263736263
24.1,67.4,22.3,45.1,0.0399113082039911,0.0681884700665189
36.1,52.1,20.3,31.8,0.49685534591195,0.848877358490566
32,57.4,21.3,36.1,0.296398891966759,0.506397506925208
43.5,52.2,19.6,32.6,0.733128834355828,1.25255061349693
33.8,52.8,18.9,33.9,0.43952802359882,0.750933628318584
42.6,52.8,19.6,33.2,0.69277108433735,1.18359939759036
41.1,54.9,20.2,34.7,0.602305475504323,1.02903890489914
45.3,55.8,20.8,35,0.7,1.19595
35.4,54.7,19.3,35.4,0.454802259887006,0.777029661016949
40.4,54.4,18.3,36.1,0.61218836565097,1.04592382271468
42.2,52.8,18.6,34.2,0.690058479532164,1.1789649122807
46.7,46.6,20.8,25.8,1.00387596899225,1.71512209302326
46.3,55.8,19.6,36.2,0.737569060773481,1.26013674033149
20.4,52.1,18.3,33.8,0.0621301775147928,0.106149408284024
28.1,54.5,20.9,33.6,0.214285714285714,0.366107142857143
31.7,54.8,19.6,35.2,0.34375,0.587296875
32.5,57.4,19.9,37.5,0.336,0.574056
32.5,54.5,18.3,36.2,0.392265193370166,0.670185082872928
48.1,55.5,22.3,33.2,0.77710843373494,1.32768975903614
41,52.8,21.3,31.5,0.625396825396825,1.06849047619048
47.2,54,20.6,33.4,0.796407185628743,1.36066167664671
47,45.6,21.5,24.1,1.05809128630705,1.8077489626556
46.2,42.7,18.6,24.1,1.14522821576763,1.956622406639
40,45.8,20.6,25.2,0.76984126984127,1.31527380952381
42.9,47.6,21,26.6,0.823308270676692,1.40662218045113
28.8,52,21,31,0.251612903225807,0.42988064516129
