Su ?çeri?i (%),#10 Kalan (%),#200 Geçen (%),LL  (%),PL (%),CU
34.6,0,93.5,45.2,21.5,13.37578567
39.4,0,95.4,49.6,20.3,8.477999687
34.7,0,85.7,52.2,20,20.82212606
89.8,0,89.8,54.4,19.6,0.015882303
36.5,0,95.3,52.1,19.3,15.23893128
21.6,0,95.1,56.6,20,139.0350961
20.5,0,97.8,57.6,21.5,193.1001658
19.2,0,90.9,61.5,19.6,177.630929
26.8,0,86.6,52.2,20,64.35860117
29.7,0,98,54.6,19.3,43.84664307
31.4,0,97.1,55.5,20.3,39.86029264
21.6,0,93.1,52.5,19.6,128.5338344
26,0,95.2,52.7,18.6,62.65612674
23.5,0,95.1,54.8,19.3,98.65505891
43.3,0,95.2,55.8,20.2,8.595823592
18.3,2.2,68.8,52.8,18.2,167.7550732
18.4,8,52.9,55.6,20.2,214.7925096
18.1,4.3,66.2,57.6,21.6,265.8611791
17.5,1.8,72.8,54.7,19.6,223.8516548
6.5,0,85.5,57.4,20.3,940.7451189
19.2,7.7,75,52.8,19.6,179.6866279
9.2,0,95,52.8,18.2,562.3959659
18,4.9,61.5,54.6,21.5,276.4839683
26,0,94.5,49.5,20.4,70.15217795
33,0,83.3,46.6,21.5,20.66511965
29.6,0,95.1,48.6,20.2,37.09273353
33,0,97.4,52.1,19.3,24.8947313
29.8,0,97.1,52.8,18.3,36.69439748
18.5,8.6,65.4,52.6,19.6,198.168142
27.7,0,96.4,54.7,18.2,51.34986463
26.5,0,94.1,54.5,19.3,66.35286259
15.8,0,95.6,52.4,19.6,289.6490478
38.4,0,91.9,54.8,19.6,14.5739398
42.3,0,85.6,52.7,18.6,6.952230018
29.5,0,95.2,48.2,21.5,42.84822365
28.3,0,93.9,52.1,20.6,55.2280281
33.3,0,95.5,46.6,21,18.65046997
46.5,0,98.4,52.2,21.6,4.027111166
47,0,93,56.6,22.2,6.171014279
14.5,12.9,64.5,54.7,19.3,317.1778253
25.7,0,92.4,54.7,19,71.70658799
25.9,0,93.1,55.9,20.6,85.21849508
25.6,30.8,60.3,54.8,19.6,77.61718244
44,40,47,39.9,21.5,0.613473421
28.5,0,96.4,57.4,19.2,55.47981521
29.3,0,98,52.5,20.5,47.98697393
31.9,0,96.8,57.4,19.2,36.84196806
31,0,94.4,66.8,24.2,81.58147948
29.9,0,96.4,56.6,20.4,50.84294047
29.3,0.8,92.6,55.8,19.6,49.56721131
37.3,0,96.6,48.5,20,10.42083587
37.7,0,92.9,49.6,21.5,11.99051725
43.6,0,95.7,52.4,19.6,5.872578264
46.8,0,95.3,64.5,21.5,11.35396965
27,0,73,52.5,19.6,60.41607779
28.1,0,93.9,54.8,19.6,55.9869235
44.6,4.3,68.5,55.9,20,7.272034657
40.8,0,96.4,59.6,21.5,16.54123432
32.1,0,94.8,59.9,21.7,48.59750858
31.8,0,97.2,64.3,20.3,51.09314638
36,0,90.7,62.5,19.6,29.29663339
25,0,95.8,52.1,19.6,79.16782699
36.3,0,97.3,52.8,18.2,15.32812777
34.8,0,97.8,57.4,20.6,28.81748949
26.6,0,92.6,53.2,20,68.13121108
27.5,0,95,54.9,19,57.21264115
35.5,0,94.4,55.7,17.6,19.58703091
36.1,0,96.1,53.9,20.9,20.43461432
35.1,0,94.2,54.6,22.3,27.46952552
37.7,0,94.2,52.6,19.6,13.64031482
42,0,93.7,57.6,21.6,12.54600189
35.2,0,95.2,56.6,20.8,26.72797988
32.2,0,97.6,59.6,22.5,51.0715566
34,0,93.8,52.8,19.6,23.12292577
34.4,0,96.8,54.8,22.3,30.67232014
25.3,0,78.3,49.6,21.3,88.73808552
35.5,0,93.6,54.4,19.3,20.34716609
53.5,0,94.8,57,23.6,2.768377292
22.2,0,93.3,64.7,19.6,130.4040181
28.6,0,95.5,66.6,20.8,77.67034703
29.7,0,91.3,67.5,18.6,59.84362572
43.9,0,95.9,64.7,18.6,13.62012201
27.9,0,92.6,45.3,21.5,49.35069762
29,0,84,43.5,20.3,30.29483671
36.1,0,95.1,48.6,21.5,14.2652514
33.3,0,95,52.8,19.6,25.47767246
43.4,0,95.9,52.8,17.9,5.900962095
41.6,0,96,53.6,21.6,9.593603068
37.1,0,89.2,56.6,21.8,22.50177818
34.8,0,75,43.4,20.2,9.405277792
21.3,0,87.7,46.6,22.2,201.4322257
41.3,0,94,42.8,18.3,2.265688841
39.5,0,97.1,54.7,20.3,13.04784231
27,0,81.1,58.8,21.6,87.19314678
25.2,0,86.3,54.8,22.3,112.7732829
28.2,0,95.3,59.9,21,72.56428318
22.1,0,94.3,58.9,20,132.6209602
24.7,0,97.1,54.5,20.3,94.07072879
25.6,0,96.8,55,18.3,68.09521393
30.7,0,94.9,59.9,20.8,53.04885685
35.4,0,95.4,56,23.6,31.83809403
38.7,0,93.7,54.7,19.6,13.91439714
27,7.8,83,55.8,18.3,58.48141953
25.9,6.1,82.7,55.1,19.3,72.80915285
31.4,0,96.2,54.8,18.3,32.62277654
45.6,0,93.2,56.6,21.4,7.196726994
33.9,0,96,57.5,20.6,32.39408243
34.9,0,91.2,58.9,20.3,29.84694423
33.8,0,97.9,52,22,27.84498012
41.1,0,91.5,54.6,21.5,11.1586367
32.9,0,96.6,56.6,20.2,34.15878463
31.4,0,94.2,56.9,20.3,42.13425711
47.8,0,94.1,64.5,21.6,10.24475339
39.5,0,94.6,66.4,18.6,22.75329354
36.8,0,93.4,64.8,19.9,30.101495
37,0,96.1,64.7,18,26.16629525
42.2,0,94.8,64.6,21.5,18.66680406
51.7,0,93.1,64,24.6,7.186232904
32.8,0,93.7,59.6,21.2,42.36655194
30.6,0,97.7,58.5,21.5,54.84792684
36.7,0,91.1,53,20.2,16.81067287
33,0,87.6,52.2,19.3,25.04052531
34.3,0,98,54.7,18.6,22.99902552
33,0,96.4,54.7,18.6,27.14208948
242.2,0,98,52.7,18.6,1.35569E-11
26,0,97.3,52.8,18.9,64.87591853
35.9,2.8,80.3,54.7,19.3,19.66735085
35.2,0,97.2,56.6,24.2,35.66721675
28.4,0,86.7,46.5,20.1,40.03428713
33,0,98.1,49.6,21.5,25.87898764
32.3,0,93.9,57.5,20.3,38.55482766
34.6,0,96.7,61.2,19.3,31.69817135
41.8,0,95.4,52.5,18.5,7.270116712
32,0,95.6,59.6,23.4,57.00243952
34.2,0,91.1,55.8,21,29.70014007
24.6,0,93.5,56.9,21.5,113.6377031
24,0,94.6,54.7,19.6,95.50895844
44.7,0,95.1,59.9,20.3,9.991641361
23.1,8.5,87.7,42.5,19.6,84.16798004
27.3,5,65.9,48.6,22,67.98942066
25.8,11.3,59.7,52.2,19.3,68.51673878
45.9,0,87.7,58.5,20.4,7.825420684
31,0,95.6,46.6,21.5,29.81295703
26.2,0,89.5,52,20,69.73071156
23.5,0,91.8,52.2,20.3,107.168705
27.7,0,92.4,56.6,21.8,77.94428226
22.3,0,96.6,54.8,19.6,119.4614962
35.6,0,96,53.5,18.2,17.61254508
33.3,0,97.3,57.4,20.3,33.92342312
32.9,0,90.8,48.9,20,21.81775599
35.3,0,94.4,56.6,21.4,27.64678661
34.5,0,89.7,51.8,18.6,18.78417587
29.1,0,90.3,55.7,20.3,54.185545
33.3,0,96.6,58.6,20,34.84775376
35.1,0,94.1,57.8,20.3,27.67473784
36.6,0,93.1,58.6,21.6,26.34100708
29.6,0,96,52.5,19.3,40.80636083
32.1,3.8,61.8,54.4,18.3,29.29837363
35.1,0,96.3,58.2,19.3,26.24857485
40.2,0,93.2,54.7,22.3,13.39262137
39.1,0,94.7,52.5,19.6,11.12992423
40.1,0,97.8,54.8,18.6,11.06777251
34.6,0,95.5,56.6,21.4,30.29483671
35.6,0,97.5,54.7,19.3,20.44910165
34.8,0,95.8,54.5,21.7,27.07995546
43.4,0,95.8,53.2,20.3,6.728458586
37.3,0,96.9,55.8,19.6,17.93690586
52.8,0,96,54.5,22.4,2.181175241
39.9,0,98.6,59.8,22.3,19.63058779
28.7,0,96.5,43.2,18.6,25.72276431
29.3,0,97.7,57.8,23.6,78.98131154
43.5,0,94.6,59.6,21.6,12.00136842
37.4,0,94.8,56.8,24.2,26.40134273
43.3,0,92.3,58.6,20.3,10.73686091
41,3.2,91,57,22.3,14.25478914
34.3,0,94.8,45.2,20,12.50028727
34.6,0,94.4,54.8,20.6,25.86660471
31.7,0,95.2,54.4,18.6,31.58659239
45.2,0,96.7,54.9,19.3,5.986555568
47,0,95.5,55.8,19.6,5.229896488
22.4,0,96.4,56.8,20.3,130.4732655
29.9,0,91,57.8,20.9,55.36588148
41.4,0,88.9,61.5,22.3,18.07815488
31.3,0,97.3,46.6,21.5,28.21824401
39.6,0,93.4,43.8,19,3.725596113
37.5,0,97.4,54.5,23.8,21.82906955
41.1,0,95,52.5,21.5,9.278620607
37.3,0,97,54.8,19.3,16.50471179
28.1,6.3,89.2,57.4,18.5,54.63625276
29.7,0,94.9,56.8,22.2,62.72700114
35.7,0,92.9,54.7,18.3,18.86154757
35.3,0,90.7,55,20,22.76330452
45.7,0,93.8,59.9,22.7,9.894779576
45.3,0,90.1,57.9,21.3,8.328786331
33.1,1.4,94.5,62.6,20,41.32183751
38.9,0,95.1,59.6,20.3,19.27723626
40.5,0,89.2,56.8,19.3,12.62317914
48.4,0,88.9,52.4,18.3,2.932363874
44,0,89,59.6,21.4,11.18545912
40,0,92.4,66.6,21.5,25.76652376
25.6,0,92.5,56,20,83.12263715
32.4,0,94.1,57.4,21.6,42.4460061
38.5,0,95.3,52,18.3,10.79209901
41.7,0,93.8,55.8,18.9,9.912699508
33.9,0,91.3,59.6,21.5,38.04770637
31.9,0,92.5,57.1,19.6,37.60567147
29.5,0,92.4,59.9,21.6,65.82974251
31.7,0,93,57.8,22.3,50.29454181
29.3,0,91.7,54,19.9,47.84156019
27,0,86,56.8,21.5,83.0264198
32.4,0.3,97.3,52.2,19.3,27.23158204
34.5,2.1,87.6,54.7,19.9,24.68296867
34.3,0,98.2,54.8,18.3,22.63662464
32.7,0,96.8,55.6,20.6,34.66316551
33.3,0,95.5,54.7,17.6,24.27311949
36,0,97.6,58.8,20.9,27.20146366
31.7,0,96.2,54,20,34.91866104
35.2,0,94.8,58.6,20.9,29.70014007
33.8,0,93.8,57.5,19.3,29.66316911
36.4,0,95.5,54.7,18.2,17.15582262
36.6,0,97.5,59.6,20.5,25.58169816
27.2,0,94.4,52.5,21.4,72.09679362
30.8,0,97.2,53.5,19.6,37.19565677
33.7,0,97.8,52.7,19.3,23.40080759
21.6,0,97.2,52.5,19.6,128.5338344
19.4,4.9,70.9,54.8,20.3,191.6720799
21.3,0,89.2,54.6,20.3,148.6659072
20.9,4.3,59.7,58.6,21.6,185.4557744
18.9,0,89.2,54.7,19.6,186.3314015
12.3,0,96.3,52.4,19.6,473.1785375
38.7,0,92.5,54.7,18.3,12.91053648
28.3,0,80,56.6,21.5,69.73642276
26,0,95.5,59.6,21.4,97.70269753
38.8,5.9,67.8,52.4,19.6,11.51205445
32.9,0,97,49.6,21.5,26.30607131
37.9,0,93.2,46.6,18.2,6.995619777
35.4,0,91.1,52.2,20,18.84083413
32.4,0,92.4,55.5,21.3,38.20516744
33.6,0,89.1,54.6,19.3,26.37813791
15.9,0,95.4,59.6,21.5,334.2348268
40.5,0,90.5,57.6,20.3,14.08209195
33.3,0,96.4,52.2,19.3,24.01202112
50.5,0,86,67.5,21,9.18729404
51.4,0,96.2,62.8,19.3,5.706852427
20,0,59.4,46,20,170
25,0,93.8,48.6,21.3,91.14210254
30.8,0,94.9,48.9,21.2,34.5269406
41,0,97,42.8,19.6,2.442775595
47.5,0,93.1,52.5,20,3.469096952
51,0,96.1,56.6,22.2,3.614794297
24.7,0,96.3,46,20.3,77.34929444
31.9,0,88.5,47.5,21.6,27.29338819
29.1,0,89.1,42.8,18.3,22.38192204
33.9,0,95.3,46.9,20,15.78552241
34.2,0,95.8,47.5,21.5,17.97727267
36.1,0,95.8,45.8,18.2,8.608709544
20.9,0,92.3,58.9,20.2,156.429109
46.2,0,96.2,54.8,20,5.327803903
47.1,0,97.5,59.6,21.5,7.731518282
42.9,0,97.5,62.3,20.8,14.67894086
45.3,0,83.2,66.8,22.3,15.77642693
27.1,0,97.2,56.6,19.3,64.97274532
22.4,2.4,57.6,64.9,20.3,136.8970202
25.6,0,95.9,57.6,19.3,79.77569843
30,0,97.5,55.8,20.5,49.30208904
20,0,96.7,54.7,19.3,155.2206132
25.4,0,96.4,54.8,20.3,86.13096118
30.1,0,90.4,52.1,19.3,37.38693585
25.6,0,97.1,57.8,20.8,93.60684907
27,0,97.5,55.8,19.3,64.42411983
24.3,0,94.2,62.5,20.9,116.7314363
29.8,3.6,92.1,54.7,20,46.37672376
39.4,0,97.2,56.9,21.6,16.71810385
34.8,0,93.2,52.8,19.3,20.24000123
33.9,0,96.1,52.8,18,20.78626049
39.7,0,95.9,56.6,21.4,15.55790894
26.4,1.6,91.2,57.4,20,77.3789112
34.9,0,93.8,59.6,22.3,35.94795332
28.1,0,92.1,52.8,19.6,52.36349581
39.2,1.7,92.3,57.4,19.3,15.38545957
31,0,96.1,58.6,20.7,48.7057031
29.1,10.4,83.6,49.6,21.2,47.29259098
41.4,0,93.8,57.6,21.6,13.54558628
26.9,0,96.6,57.4,21,80.66230364
46.9,0,93.8,59.6,20.3,7.558216514
36,0,94.7,57.4,19,22.18799224
37.6,0,94.5,53.2,21,15.87293957
42.8,0,95.3,55.7,19.6,8.845176347
45.2,0,91.9,54.8,18,5.67545629
25.7,0,94.1,40.5,18.6,38.26856733
39.4,0,93.9,48.6,22.7,8.759009265
31.6,0,91.9,64.5,21.5,57.71085869
35.9,0,95.8,66,21.9,39.47361163
25,0,89.5,52.8,21.6,102.9834567
26.1,0,88.4,46.3,20.5,62.64302536
27.8,0,89,56.6,19.3,59.59965302
16.7,0,92.7,56.5,20.1,261.2360009
37.9,0,91.3,51.4,19.6,12.04805331
38.4,0,83.3,54.8,20,14.93737869
36.2,0,88.8,64.6,20.3,32.62092064
46.4,0,92.3,68.6,19.6,13.73765951
15.6,10.9,63,45.2,20,379.513346
20.8,0,84.7,43.2,20.5,159.9740779
15.2,12.8,54.4,41.5,19.6,428.3341114
36.2,6.9,84.1,48.6,21.5,14.02517878
33.3,5.3,85.5,52.8,18.6,23.54257439
34.7,0,88.8,54.8,19.3,23.11570786
23.5,0,92.8,48,20,95.66553096
18.9,0,85.8,43.2,20.5,235.095989
22.6,0,94.9,53.2,21.2,139.0132571
19.9,0,95,56.6,20.8,190.8387642
31.7,0,95.2,57.6,20.9,43.91519194
33.3,0,93.3,55.9,18.6,27.74672375
20.2,0,85.7,46.5,21.3,207.7990005
20.7,0,84.6,47.5,20,151.2175712
17,0,80.3,43.9,19.6,278.0854597
31.1,0,95.9,52.5,18.6,31.18100549
24.5,0,96.4,57.4,20,97.74674391
34.6,0,94.2,59.6,21.6,35.24336881
29,0,95.4,45.8,20.3,35.39425064
39.8,0,82.8,42.8,18.3,3.002611137
23.4,0,94.9,56.7,17.6,85.92855929
26.3,0,92.1,55.4,19.3,69.68075453
40,0,93.6,52.5,21.5,10.92355839
37.4,0,88.4,54.5,19.3,15.96985331
36.8,5.9,80.9,49.6,21.5,13.89364849
34.8,0,97.8,57,18.6,24.41932066
38.8,0,94.7,52.5,18.3,10.79166833
48.1,0,94.8,51.4,18.6,2.715652557
41.3,0,97.3,55.7,19.6,10.70796847
33.6,0,92.5,49.6,20.3,21.07231994
29.6,0,92,46.6,19.3,29.97750445
28.3,0,94.3,52.6,21.3,60.77333411
29,0,96.2,54.8,19.6,49.77519228
29.1,0,95,52.5,18.6,40.90152724
32.5,0,95.6,52.2,21.5,32.71261755
24.5,11.7,84,46.5,20,77.84715498
36.5,0,91.8,57.4,21.3,24.51186171
23,13.2,75.7,56.9,21.5,139.896574
17.4,12,76.1,45.8,20.6,304.8637198
22.1,0,91.2,57.6,19.3,121.4546421
32.1,0,88.2,55.8,20,35.91701134
34.1,0,97.8,61.3,19.9,35.0994075
28.7,0,94.3,63.2,22.6,85.17748103
25.5,0,97,56.5,21.2,97.07817601
27.2,0,93.9,52.2,18.6,52.38077112
38.8,0,97.1,54.7,19.3,13.49288969
33.9,0,96.3,54.8,18.3,23.80688646
46.8,0,96,55.8,20.3,5.486835356
42.9,0,97.7,54.7,19.6,8.024936769
30.5,0,97.6,61.3,22.3,64.63261963
30.5,0,98.7,54.6,21.5,48.67535447
33.6,0,97.4,66,19.9,43.33289199
40.9,0,97.3,62.4,18.6,16.34679958
35.6,0,96.9,64.8,18.3,30.70968363
28.8,0,73.1,57.4,19,52.56033904
40.6,0,93,56.6,21.4,13.83176393
43.3,0,92.9,52.4,18.6,5.897971712
37.5,0,95,55.8,18.6,16.42729011
20.7,0,89.7,54.8,19.6,147.2399165
23,0,92.1,58.8,20,119.1240291
22.5,0,94.2,58.8,19.3,117.1176339
31.6,0,96.4,57.8,20.9,44.79342656
38.4,0,95.6,58.6,21.6,21.05980713
29,0,94.7,50.4,21.6,52.14230115
24.4,0,93.5,52,20,90.32046041
28.7,0,96.9,57.6,19.6,56.50525858
42,0,95.8,55.8,20.3,10.21910486
33.9,0,90.8,57,19.6,29.2873965
31.3,0,96.1,54,19.3,34.6461039
32.4,0,94.9,65,22.6,58.71534624
32.3,0,96.2,64.8,19.6,46.68647791
37.1,0,95.7,66,22,35.0692877
42.5,0,92.4,64.1,19.3,15.70379763
33.9,0,95.2,56.6,21.5,33.47824103
37.2,0,94.6,55.8,20.6,19.4278029
30.8,0,94,54.7,20,40.61943285
29.1,0,86.4,58.9,22.6,74.60386987
36.2,0,88.4,52.7,18.6,15.82911641
45.8,0,91.7,54.8,19.6,5.541636208
36.5,0,95.6,52.8,17.6,14.38474344
36.5,0,96.1,47.4,20.3,10.87284125
31.6,0,96.1,43.5,21.5,20.57752
36.1,0,91.9,46.6,20.5,10.87708434
36,0,96.3,58.6,21.4,27.95536922
39.9,0,96.5,56.6,20.8,14.61228998
27.3,0,95.9,52.5,18.6,52.21604724
48.7,3.8,89.1,57.6,21.6,5.330151676
40.7,15,79.6,48.6,20.3,6.173347181
30.2,2.9,66.2,54.5,18.6,38.45933977
20.9,0,56.4,64.6,21.6,183.2175773
20.5,0,75.4,52.5,19.6,149.9010812
22.9,3.9,77.6,54.7,21.6,141.9042475
38.3,0,92.5,52.8,19.9,12.98014397
17,0,62.1,54.7,17.6,183.1277972
31.5,6,68.5,54.7,18.3,32.06738686
30,0,94,51.5,18,32.72725084
31.5,0,96.7,46.6,21.4,26.90571724
40.1,3.1,70.8,47.6,21.2,6.315191437
39.6,5.3,62.7,51.5,19.3,9.356760418
33,0,97.5,46.3,20,17.50120844
32.3,0,94.9,57.4,20,37.45428301
29.8,0,94.4,59.6,21.8,64.22255062
19,7.8,51.4,54.7,19.6,183.9056331
47.4,0,86.1,52.1,20,3.352565255
38.9,0,95.1,57.6,21.5,18.52004776
32.4,1.6,89.7,53.5,20.6,32.6590329
45.8,7.5,67.3,58.8,21.3,8.421405257
27.1,0,85.7,52.1,19.6,58.81341884
35.6,4.4,80.7,55.7,18.6,20.66001672
49.3,0,90.1,64.5,19.3,8.028660083
34.7,0,95,64,20,36.56675883
41.5,4.6,86.9,66.6,18.3,18.66226779
18.1,0.8,57.2,46.6,20.3,249.7722281
26.9,0,91.6,42.8,18,32.62774983
21.6,0,91,47.5,21.6,170
34.3,0,81,42.8,19.6,9.220649396
34,0,91.3,40.3,18,6.269472442
31.7,0,93.1,58.9,20.8,45.60076022
27.2,0,95.6,57.4,20,70.12846389
26.1,0,93.3,58.6,21.6,97.16368055
35.2,0,96.3,55.8,20.3,24.66275955
8.2,4.1,45.9,40.6,19.3,1868.204308
7.1,2.4,45.2,37.5,20.6,6700.742743
6.3,2.1,30.2,35.2,20.3,12803.80856
11.6,10.3,40.4,39.6,21.5,2103.924448
28.4,6.7,59.8,54.7,19.6,53.65859495
28.7,7.9,53.7,57.4,20.3,60.00314582
36.2,0,82,45.5,19.6,8.915947946
28,0,94.1,58.8,21.4,75.49888579
24.6,0,96.3,59.6,21,110.7003914
27.6,0,95.3,58.5,20,68.569007
27.7,9.7,74.8,57.4,19.3,61.66585428
49.6,3.6,70.1,54.8,19.3,3.353512617
11.3,14.4,40.7,53.5,22.7,932.8265772
13.7,3.9,34.6,40.3,21.5,1146.08973
13.7,1.9,34.8,38.6,21.6,1441.189157
8.9,25.8,28.2,39.9,21.6,4137.376488
11.5,6.1,38.2,38.9,20.1,1393.86477
9.9,13.4,28.2,39.9,18,931.6823168
29.7,0,94.1,56.6,21.5,58.04775223
43.2,0,94.3,52.2,19.6,6.086555743
40.7,0,93.2,47.5,21.6,5.719447276
45.3,0,74.4,42,19.3,0.876010023
26.5,0,98,52.1,19.5,63.31807211
36.4,0,95.1,59.3,23.4,32.14423074
30.7,0,93.7,58.6,24.2,71.28618226
40.9,0,94.1,52.1,19.6,8.342323631
37.5,0,95.8,52.4,18.6,12.98605103
47.2,0,93.3,55.3,21.4,5.130876324
36.2,0,93.1,54.9,19.3,19.15027332
15.2,2.6,65.5,47.4,20.3,403.9904892
17.2,0,92.9,54.5,20,246.9270778
28.2,0,91.4,56.6,21.4,69.91318171
24.5,0,98.1,58.6,20.7,107.1931704
33.3,7.9,86.7,56.9,20,32.39408243
35.8,6.4,85,59.6,22.2,31.92037753
15.1,4.7,66.5,54.8,21.1,385.5630057
19.6,0,95.6,54.8,19.3,163.519006
12.9,12.4,81.9,46.5,21.6,847.9831017
15.9,2.3,72.2,45.5,18.3,255.0956841
20,3.6,75.6,42.5,18.6,129.8487496
17.2,6.6,61.5,48.9,21.34,339.2469277
30,0,96.6,56.8,21,53.48994857
25.2,0,95.6,54.7,18.8,74.87557633
15.5,8.1,87,48.6,20.5,385.3757795
24.7,0,87,54,20,90.01551237
34.8,0,94.3,56.9,22.2,31.99739905
36.4,0,94.9,57.5,21.3,24.95846029
31.3,0,96.7,58.5,22.6,55.76524296
33.7,3.6,69.9,64.6,22.3,49.21560087
29.3,2,72.1,67.6,22.1,82.10195447
32.7,0,95.4,68.9,21.6,57.76700489
36.7,0,96.4,66.6,20,32.70315336
35,17.5,58.3,67.4,19.6,38.62669933
17.6,24.4,43.5,38.6,20.4,344.9561709
30.4,0,92.4,57.4,19,43.39373305
29.9,0,91.7,52.5,18.2,35.40542007
33.6,0,95.2,54.6,21.6,31.92037753
32.1,0,93.9,54.7,19.3,32.22343737
12.7,14.6,53.8,45.5,20.3,680.5873552
45.5,0,87,45.3,20,1.64858199
38.5,0,95.5,48.9,21.3,9.673875441
37.2,0,89.1,52.5,19.6,14.51617157
37.8,0,93.3,54.7,18,14.21520101
43,0,93,56.6,23.5,11.31477767
16.9,17.3,49.8,43.5,21.5,444.7520311
37,0,75,42.5,20.3,5.343051126
38.5,0,85.9,48.6,20,8.676189865
44.3,0,91.5,51.5,19.6,4.82790318
41.2,0,91.6,52.5,18.6,7.920463568
36.9,0,91.7,54.7,19.3,17.27101933
41.4,0,87.9,57.4,21.6,13.35549814
23.5,0,97.3,47.4,18.3,74.73066657
24.5,0,98.1,46.6,21.2,93.52442269
16.3,0,95,51.4,18.3,224.4639775
8.3,0,97.7,53.5,20.5,930.971041
37,0,84.9,57.4,21.6,23.50545812
36.2,8.9,71.8,52.5,21.1,18.61422152
30.7,11.8,72.4,54.8,19.3,38.81351455
31.7,6.6,84.8,55.8,18.3,32.85932376
38.8,0,89.8,51.4,18.9,10.17033441
36.2,0,93.2,54.8,19.9,19.83795707
13.3,3.8,55.2,43.2,20.3,693.5103627
17.4,4.2,81.7,45.8,20.8,317.7718181
10.2,3.1,77.2,49.6,21.6,1105.951572
14,16.7,59.2,47.5,20.3,493.30574
14.9,0,52.6,46.6,21.5,569.7711435
36.9,6.4,97.1,54.7,21.3,19.83639157
23.8,8.1,62,51.8,18.6,82.71419336
33.8,0,63.2,52.8,18,21.06281651
39.2,0,96.3,55.6,20.3,14.48573369
39.9,0,91.1,54.1,21.3,12.52256624
31.9,0,95,55.8,20.9,39.88865832
14.2,12.2,51.7,48.2,20,437.8163947
26.2,3.7,66.4,55.1,21.3,87.26973067
17.8,1.4,68.2,54.5,19.3,206.8100708
23.3,6,67.3,54.2,20.3,113.1552759
19.4,1.6,73.5,58.9,19.6,174.0261681
20,6.7,74.2,48.5,20.2,175.6167213
31,0,95.2,51,21.5,38.65190639
32.1,0,89.3,46.6,20,20.97925708
35.4,0,97.5,48,20.3,13.85265909
41.1,0,94.5,57.4,21.5,13.79958086
15.5,0,40.5,43.3,22.2,732.3880499
32.6,0,96.9,56.6,21.5,39.69592001
49.6,0,92,58,20,4.725682805
41.9,0,92.6,61.6,21.5,16.37722169
48.7,0,93.5,66.6,20.5,10.19816018
35.3,0,86.1,54.7,19.3,21.261926
36.9,0,96.9,52.2,18.3,13.62854268
45.1,0,94,54.7,18.3,5.750785243
9.3,0,48.1,42.5,19.6,1345.578819
8.3,3.7,58.3,54,21.3,1058.23214
7.9,0,59.2,52.8,19.6,859.812802
7.4,4.9,97.7,48.8,20.3,1363.33314
40.3,0,96.2,48.6,20.3,6.588015139
36.5,14.5,59.7,42.8,18.6,5.661403795
36.8,7,80.7,55.8,17.6,16.84402972
39.8,2.47,90.2,52.5,19.3,9.931698314
38.9,7.7,67.9,52.4,18.3,10.56134812
32,0,97.1,52.4,19.6,29.87297891
35.7,0,88.6,48,20,12.89423296
37.9,0,96.4,47.5,22.3,9.859886355
23.8,0,92.5,52.1,19.9,97.38900769
24.5,0,89.2,57.8,24.6,172.3715674
24.8,8.1,82.9,52.6,19,76.84828459
35.7,2.2,71.7,47,19.6,11.39482129
26.7,6.7,79.3,47.5,20.3,57.60202474
26.7,8,69.1,54.8,19.6,67.22557332
13.3,4.8,87.9,52.8,19.6,406.9130386
42,0,57.4,45.5,22.2,3.411632326
18.7,0,98.1,58.9,20.3,205.7068799
26.2,0,97.6,55.5,18.3,64.0086355
27.5,6.6,83,55.8,20,64.85870959
31.7,7.9,77.2,57.4,20.3,41.36635641
36.7,3,85.7,52,18.3,13.79748249
38.5,2.3,88.8,54,20.9,14.73359986
12,0,64.8,55.8,18.2,362.9374225
12.5,4,64.2,46.6,21.5,884.506454
11.6,2.4,62.8,57.7,21.6,607.8356578
12.2,3.3,76.2,56.9,19.3,405.1775623
12.8,2.4,76,42.8,20.9,931.6823168
19.7,7,36.3,42.8,19.6,166.6628495
18.9,10.3,44.9,42.6,20.3,226.9109686
17.8,7.5,34.6,40.6,21.6,426.538677
22.8,4.9,39.7,39.6,20.4,95.66553096
46.2,0,89.9,62.3,20,9.844582212
25.8,0,59.6,68.6,21.5,111.7075665
29.7,9.9,76.6,65.3,20.3,65.04043655
20.2,0,62.6,64.7,19.6,159.9094061
30.5,15.3,79.7,54.5,20.3,43.12103202
14.9,23.8,50.5,54,21.3,418.221376
30.4,5.4,85.7,54.7,19.6,41.28753237
23.2,0,66.1,45.3,21.5,122.3959249
13.6,12.1,70.2,42.8,19.9,602.5492518
23.9,2.5,42.8,40.3,22.3,112.9507568
28.7,0,94.1,46.9,20,38.40625548
28.2,0,87.3,47.5,19.6,41.18294878
26.3,0,78.8,42.5,19.3,42.43660474
21.9,0,87.5,57.4,20.3,139.4123735
31.9,0,97.6,52.8,19.3,30.13925794
3.3,6,79,42.5,21.5,9154.966053
30.2,0,97.9,57.9,20.8,53.00682234
34.6,0,97.1,58,23.6,39.05694529
43.1,0,98.5,59.6,22.2,13.00685767
30.1,0,97.2,56.7,18.6,42.41452838
2.8,29.4,52.8,48.6,22.5,5472.381051
14.8,3.7,75.8,54.7,19.3,305.0524017
22,0,97.3,57.8,20.3,138.0045596
31,0.6,87.9,54.8,19.6,38.32797992
36,0,81.6,54.7,18.6,18.52004776
29.9,0,95.3,54,19,40.58406669
13.2,18.2,54.1,45.3,21.5,845.4202045
42.9,3.4,92.5,57.3,20.3,10.24059816
38.5,0,85.1,59.6,22.2,22.90129526
46.9,0,85,57.9,19.6,6.40633425
47.1,2.6,86.1,57.8,20.5,6.396235483
46,6.3,42.1,38.6,20,0.274269964
12.8,0,67,42.5,21.2,1042.831462
11.5,26.7,43.2,41.5,22.3,2259.796749
16.4,2.8,65.7,47.5,21,377.7400317
12.5,3.5,37.5,40.2,22.3,2109.008201
43.4,9.8,71.3,54.5,20,7.50914741
28.4,0,69.8,55.8,18.3,49.25414673
18.1,3.4,64.7,56.6,21.6,269.2797339
24,1.7,69.8,57.5,20.3,107.5890626
26.4,0,92.3,57.5,20.9,85.16693562
16.2,34.5,50.2,45.8,20.6,379.513346
12.6,1.6,61,48.6,20,558.8520791
15.5,14.2,61,42.8,19.6,383.2337757
17.1,6.2,61,54.6,21.4,308.4376748
15.1,17.2,42.2,38.6,20,571.0636911
14.3,4.8,41.9,40.3,22.2,1265.629712
18.5,5.6,42.2,43.5,19.6,210.0807471
16.2,3.6,32,38.9,21.5,690.0765857
7.7,5.5,35.7,38.9,20.3,3833.7717
9.6,11.5,45.5,40.6,21.3,2763.105036
26.8,11.4,31.4,40.6,20.3,38.97984627
41.9,8.8,42.9,38.5,20.3,0.723991104
16.2,0,69.3,48.6,20,313.2256563
17.9,7.9,65.7,47.6,18.6,189.9614976
17.5,0,62.4,46.6,20.2,272.1094034
15.4,0,63.1,58.6,20.6,319.0050249
22.1,0,47.7,47.2,21.6,155.3940272
24.7,0,46.6,42.5,20.6,71.85861544
23.3,10.3,42.2,37.5,20.1,72.95983907
16.8,1.7,51.4,45.8,20.3,319.6112849
22.1,6,35.4,37.5,19.6,89.42559594
27.6,5.9,43.3,37.9,20.2,24.84940968
23.6,1.9,42.9,47.5,20.3,97.29699129
14.3,5.1,49.7,42,20,559.751562
23,2.2,73,46.6,21.8,136.0797172
18.8,1.4,73.6,48.9,20.1,209.2261652
24.6,2.9,62,46.6,21.4,94.79645535
18,0,59.4,47.9,19.3,209.5301549
9.6,4.1,46.2,40.2,22.2,4253.360153
11.9,0,46.5,38.9,20.3,1356.96029
11.5,2.9,50.4,54.8,18.3,400.4928375
13,5.2,57.8,56.6,21.6,526.3502989
11.1,0.8,35.6,38,20.2,1785.118355
17.6,15.3,47.6,41.5,19.6,258.7458238
17.9,16.7,55.1,45.8,20.3,262.0917739
26.1,6.4,52.6,52.5,18.6,61.44883279
24.2,20.6,61.2,54.7,19.6,93.03836548
13.5,9.1,57.6,56.9,20.7,424.3763594
16.5,2.5,55.4,51.5,19.6,265.8079436
18,0,96.1,43.2,22,404.8971059
17.1,0.7,49.3,42.8,22.6,594.75159
12.7,0,40.5,41.4,19.6,728.9541089
15.6,0,41.6,48.5,21.5,464.4618392
11.8,0,30,38.5,20.3,1456.697746
14.8,2,58.8,43.2,21.9,787.5861707
5,10.1,37,37.8,20.3,9481.480313
17.9,6.2,48.3,39.9,22.2,519.6714021
16.9,0.8,66.5,57.5,21.6,310.4318547
25.3,0,60.9,58.5,20.9,99.24151034
22.2,6.7,77.3,46.5,21.8,157.7974477
27.3,9.4,68,46.6,20.3,49.97839342
23.7,18.9,53.3,48.6,20.8,105.213548
25.9,10.1,53.3,47.5,21.6,79.21542641
30,10.4,68.9,46.6,20.8,32.97199068
23.5,8.8,63.2,57.6,21.6,133.3591456
19.7,20.5,47.9,42.5,23.6,439.1786898
21.7,9.2,56.7,43.6,19.9,119.8771625
12.4,6.2,37.9,35.2,21.5,3608.170315
23.2,0,69,42.5,20.9,104.1710655
25.4,0,96.5,58,20.3,91.24806536
21.5,2.3,74,54.7,21.2,163.1399919
33.1,3.1,83.1,49.6,21.3,24.9775171
19.3,14,48.7,40.6,22.5,383.359727
17.3,2.3,54.9,43.5,21,362.1883753
16.8,12.9,51,47.5,22.6,496.296378
12.7,4.2,59.3,47.5,20.3,614.5924037
19,14.5,50.5,48.9,22.3,300.7910864
28,0,47.4,38.9,21.4,29.99771378
27.5,0,91.2,43.5,20,39.1682139
36.2,0,86.7,57.5,20.3,23.80446722
34.3,0,96.8,52.8,18.6,20.58003601
12.8,0,97.4,45.3,20,629.3915846
9.4,6.8,34.2,40.2,22.2,4476.381891
8.4,7.4,48.7,39.9,21.1,3800.633537
35.9,0,68.9,42.5,23.6,8.520355266
23.1,36.1,38,37.5,21.3,101.9762885
17.1,2.1,38.3,37.8,20,359.6599258
18.7,3.6,61.4,42.5,20,221.7495646
34.5,0,91.9,45.6,21.7,14.47547079
23,1.1,83.7,49.6,22.3,151.0879245
43.6,0,59.9,52.6,18.3,5.715303048
20.7,0,73.2,57.4,20.3,161.7752283
25.3,0,93.7,56.6,21.7,105.7786886
33.8,0,89.4,56,20,29.1556271
8.7,6.1,58.3,57.6,21.2,824.9353171
21.7,15.8,59.2,43,21.5,162.8797464
41.9,0,90.3,48.9,20.3,5.270012714
10.8,7.4,53.7,47.7,18.3,549.5754958
14.2,8.1,56.1,46.8,18.9,368.9379546
32.3,0,67.7,47.5,20.6,22.99466858
8.4,4,30.9,37.5,20,3585.399366
12.4,4.1,40.4,39.6,22.2,2267.276043
15.3,1.3,37.3,37.8,19.9,554.351396
29.3,2.4,84.8,55.8,18.3,44.10640493
25.3,0,93.9,56.6,20.1,88.2809127
25.2,0,88.2,57,22.3,115.7462456
24,0,95.5,56.6,21.4,121.032722
15.1,3.4,34.9,38.5,20,574.8162869
11.3,3.5,39.1,39.6,24.2,8011.599189
11.4,2.1,54.3,43.5,20.3,992.5433036
16.3,14.5,28.5,38.6,21.4,664.8826141
20.9,5.1,56.5,57.4,20.3,157.8132891
15.6,1.9,63,46.5,20,364.852379
14.4,4.3,43.3,41.5,22.3,1128.123065
14.3,1.8,59.8,46,21.7,689.8514186
15.4,1.7,57.1,47.8,20.3,385.8118507
19.7,12,39.7,39.3,21.5,270.6749747
20,10.6,46.4,37.8,20.9,217.183681
24.1,19.6,37.6,39.6,21.5,87.8028068
28.2,11.7,37.4,37.5,20.4,20.85868437
23.2,0,91.1,42.5,23,162.1665416
23.8,0,89.1,48.6,22.5,135.1930043
13.6,6.1,32.9,38.6,20,827.5173096
14.5,4.3,40.6,36.6,18.3,441.8147407
13,0,54,43.5,23.5,1901.784699
21.1,6.8,60.5,54.2,20,146.622398
1.8,8.9,30.1,40.5,22.2,28656.50108
8,4.4,44.2,42.6,21.5,3224.783977
14.5,12,38.9,39.5,20.1,641.299004
36,6.7,59.3,43.5,20,7.42021679
36.6,5.4,60.7,45.8,18.6,8.10107215
36.6,6.9,58.3,47.6,21.2,11.62018095
48.8,0,68.1,47.5,21.9,1.353516275
21.2,6.7,58.6,58.8,20,147.4582591
24.1,7.4,63.6,56.6,21.5,120.9156295
30.4,0,97.9,57.6,21.6,55.2280281
28.5,0,96.2,52,19.7,48.55404976
34.6,0,84.6,42.5,21.5,9.646278102
33.8,4.3,68.3,65.5,18.9,39.06142811
40.9,0,93.9,61.5,19.6,16.40549064
37.2,0,88.4,66.6,20.3,31.71922145
35.9,0,96.1,64.7,18.6,30.25707778
33.8,0,94.6,62,21.2,41.07326792
27.3,0,90,46.6,21.8,61.29773675
24.8,0,95.7,55,20,90.46895056
36.2,0,93.6,56.6,21.7,25.14909246
42.3,0,96.9,49.6,21,5.530507151
37.5,0,95.7,46.6,20.4,8.447070129
41.4,0,98.5,45.8,20,3.746005862
7.1,0,96.8,46.2,21.6,2557.791381
13.6,0,98.6,52.5,19.6,393.3175224
15.7,0,97.2,54.8,20.3,313.8980267
38.5,0,96.5,57.8,20.6,18.58931728
36.4,0,97.4,58.8,20,24.32902633
30.3,7,83.8,47.4,21.6,36.0460208
43,7.4,88.4,45.8,21.3,2.891961993
38.8,0,92.2,48,20,7.748871693
42.5,0,95.3,52.5,19.6,6.919245332
41.8,0,84.7,54.8,20.3,9.673875441
18.2,9.8,73.8,47.5,20.3,242.4774394
22.4,0,97.4,54.7,19.6,117.7878255
34.8,0,95.5,55.8,19.3,24.10878553
34.3,0,98.3,54.7,19.5,24.57938449
33.8,0,97.2,46.9,20.3,16.46857519
19.5,0,52,45.7,19.6,173.0224112
31.5,0,85.2,64.8,19.6,50.64609137
39.6,0,82.4,66.8,19.3,23.81004457
27.2,9.6,64.8,64.5,23.5,112.2489898
43,0,97.4,64,20.2,15.51063881
40.6,0,97.1,57.8,20.6,14.33833301
18.8,1.3,64.5,42.1,18.6,163.4739352
27.2,0,94.7,57.5,20.6,74.6730699
37,0,95.3,59.7,20.3,24.19762293
28.7,0,97.8,54.7,18.6,46.9438059
21.1,0,96.4,58.6,20.3,154.4275182
22,4.1,85.8,48.9,22.6,188.8079804
26.1,0,96.6,55.8,20,77.63984966
25.6,0,93.9,64.6,20.6,100.7986903
33.3,0,93.9,64.5,19.6,41.77844306
29.8,0,96.9,57.4,21.6,59.28026179
25.2,0,97.2,55.9,20.6,93.35665526
26,0,85.6,54.8,20.3,79.5095577
32.6,0,89.6,54.7,19.6,30.94685507
23.8,0,97.5,58,20,107.3233384
13.8,3.8,62.3,56.3,22.3,536.828781
28.5,0,89.2,62.1,19.3,63.25131461
32.8,0,89.3,66.6,20.8,50.94177057
21.2,0,93.9,64.6,19.9,148.7149739
25.8,0,93.6,61.5,20.3,91.99961915
27.7,0,95.4,54.7,19.6,58.81341884
38,0,94.9,48.6,21.5,10.33308437
22.3,0,96.4,52.2,21.6,153.0218298
22.6,0,94.5,56.9,20,122.9420126
34.6,0,97.4,62.1,19.6,33.52989268
40.2,0,95.7,64.5,18.6,19.51760738
30.4,0,78.9,47.4,19.9,29.35952156
25.3,0,92.3,54.5,19.6,80.20508651
23.8,0,96.8,55.9,20.6,112.0387178
31.1,0,95.8,54.6,20,38.87023936
32.4,0,97.8,55.5,19.6,32.97854077
28.7,0,95,54.8,22.3,68.72040734
31.5,0,97.2,57.5,19.3,39.12809742
38.1,0,95.2,55.8,20,16.61558734
35.2,0,92.8,61.6,20.3,32.34328232
26.3,0,90.4,57.5,20.6,83.53811595
29.1,0,86.3,58.9,20.6,61.25322852
29.3,0,97.4,54.6,19.6,47.51633168
28.9,0,94.8,57.5,20.9,62.20517571
23.9,0,96.3,54.1,19.3,92.55615162
24.8,0,94.7,52.2,20.3,88.85118546
24.6,0,96.9,64.6,22,128.3904964
24.8,0,96.3,66.3,21.6,122.305999
23.3,0,96.7,54.6,20.5,116.5272312
27.1,0,93.8,68.5,19.3,81.99069441
30.2,0,95.3,52.5,18.6,35.2307874
38.5,0,97.4,54.5,20.3,14.70369812
26.9,0,97.7,54.7,18,55.72243034
28.2,0,91.2,49.6,21,53.40351404
26.3,0,96.2,44.9,19.3,48.33308677
23.4,0,97.2,45.8,18.2,71.46598699
30.1,0,96.5,46.9,20.3,31.22557006
19.2,8.9,78.1,51.4,19.9,188.2950336
34.3,0,93.3,54.5,20.3,25.86660471
22.7,5.2,92.4,59.6,20.4,129.7913891
24.6,4.9,81,53.6,21.6,110.453338
31.3,0,94.6,57.6,19,39.25768844
32,0,95.2,60.4,22.3,52.70926548
28.9,9.5,64.7,64.5,21.8,79.12323295
39.6,0,83,63.5,18,19.14972954
23.5,0,91.4,48.6,21.5,121.0677421
26.8,0,87.6,49,20.8,63.89087251
27.1,0,97.8,47.5,21.6,64.01169125
25,0,96.3,52.2,18.3,68.49413754
21.4,0,94.3,56.6,20.3,147.8826347
33.1,0,93.1,62.5,18.6,37.21060436
36,0,90.7,64.6,20.6,33.98656735
36.7,0,95.8,55.8,20,19.88987619
35.6,0,96.9,59.6,22.2,32.71523854
37.8,0,97,64.4,19.6,26.23887782
29.7,0,91.8,46.5,20.8,34.56935157
31.3,0,73.2,58.6,20,44.22569422
33,0,77.5,56.6,21.5,37.6688011
32.6,0,85.9,55.8,18.9,30.81853937
30.8,0,82.8,51.5,18.3,30.08570975
41,0,98.2,55,20.2,10.87708434
27.3,0,84.4,56.6,20.1,68.61390834
38.2,0,82.9,59.6,21.4,22.48776863
28.6,0,97.1,55.7,18.3,47.89853259
42.6,0,96.1,54.8,19.6,8.418471341
42.7,0,96.2,52.5,19.6,6.728458586
31.3,0,94.4,51.4,19.6,31.29696374
46.5,0,88.6,46.6,20,1.739446266
38.3,15.8,72.9,47.8,20.6,8.522642546
41,10,83.3,47,20,4.751173397
19,0,98.3,56.3,21.5,236.5652205
42.9,0,84.6,55.2,20.3,8.647849954
35.7,0,97.1,59.9,20,27.82572759
37.9,0,97.7,61.5,21.5,25.7901848
36.8,0,93.6,57.4,18.6,19.6541832
38.5,0,92.2,56.6,20,16.62492217
30.4,5.2,85.6,52.2,21.2,43.41385772
40.2,0,94,56.6,21.4,14.5739398
46.6,0,84.1,55.8,19.3,5.449954296
47.8,0,95,56.3,20.2,5.049380574
25,0,50,58.6,20.2,95.66553096
23.4,6.3,78.2,46.6,20.8,106.9413561
46.6,0,98.2,47,21.1,1.83548819
47.8,0,98.1,54.5,20.2,4.198488141
13,0,97.9,61.5,21.5,451.7807906
25,0,89.6,54.7,18.3,72.90687415
23.4,0,85.6,55.5,21.3,128.171804
46.6,0,93.6,58,21.6,7.219497496
43.5,0,83.1,55.6,2.3,4.857115694
30.7,0,88.2,51.2,19.6,33.78926632
35.8,0,98.3,63.6,19.6,31.25994848
32.7,0,94.2,45.6,20.5,18.17730225
33,0,95.4,52.2,20,26.54517866
36.8,0,96.9,58,21.6,24.90624266
32.3,0,97,54.7,19.3,31.39686511
29.4,0,96.3,54.7,18.2,41.44792992
23.3,0,97.3,55.8,19.6,106.2379554
28.4,0,97.1,56.6,21.5,68.82855426
35,0,96.6,57.8,19.3,26.053413
37.1,0,97.3,55.5,18,16.3317004
29.6,0,97.7,55,20,48.14488833
45,26.3,52.2,43.5,21.5,1.249410125
31.4,0,88.5,52.2,20.3,34.3065891
43.2,0,89.6,55.9,20,8.70071068
32,0,97.3,56.6,24.3,56.78758395
33.9,0,97,52,23.3,31.09415589
23.4,0,94.3,51.4,19.6,98.11790779
28.7,0,90.9,64.6,20.3,71.06920432
31.1,0,93.9,64.8,19.6,52.75010707
28.7,0,96.3,61.5,19.6,62.60572179
28.8,0,97.6,56.6,20.8,60.82324632
25.7,0,95.5,57.8,19.9,84.09218544
33.8,0,95,54.8,22.3,33.39061577
33.1,0,97.2,57.5,19.3,32.27169831
27.4,0,95.2,55.8,20,65.69737926
34.1,0,92.8,61.6,20.3,36.5584299
34.4,0,90.4,57.5,20.6,30.43677571
28.7,0,95,54.8,22.3,68.72040734
31.5,0,97.2,57.5,19.3,39.12809742
38.1,0,95.2,55.8,20,16.61558734
35.2,0,92.8,61.6,20.3,32.34328232
26.3,0,90.4,57.5,20.6,83.53811595
29.1,0,86.3,58.9,20.6,61.25322852
29.3,0,97.4,54.6,19.6,47.51633168
28.9,0,94.8,57.5,20.9,62.20517571
23.9,0,96.3,54.1,19.3,92.55615162
24.8,0,94.7,52.2,20.3,88.85118546
24.6,0,96.9,64.6,22,128.3904964
24.8,0,96.3,66.3,21.6,122.305999
23.3,0,96.7,54.6,20.5,116.5272312
27.1,0,93.8,68.5,19.3,81.99069441
30.2,0,95.3,52.5,18.6,35.2307874
38.5,0,97.4,54.5,20.3,14.70369812
26.9,0,97.7,54.7,18,55.72243034
28.2,0,91.2,49.6,21,53.40351404
26.3,0,96.2,44.9,19.3,48.33308677
23.4,0,97.2,45.8,18.2,71.46598699
30.1,0,96.5,46.9,20.3,31.22557006
19.2,8.9,78.1,51.4,19.9,188.2950336
34.3,0,93.3,54.5,20.3,25.86660471
22.7,5.2,92.4,59.6,20.4,129.7913891
24.6,4.9,81,53.6,21.6,110.453338
31.3,0,94.6,57.6,19,39.25768844
32,0,95.2,60.4,22.3,52.70926548
28.9,9.5,64.7,64.5,21.8,79.12323295
39.6,0,83,63.5,18,19.14972954
23.5,0,91.4,48.6,21.5,121.0677421
26.8,0,87.6,49,20.8,63.89087251
27.1,0,97.8,47.5,21.6,64.01169125
25,0,96.3,52.2,18.3,68.49413754
21.4,0,94.3,56.6,20.3,147.8826347
33.1,0,93.1,62.5,18.6,37.21060436
36,0,90.7,64.6,20.6,33.98656735
36.7,0,95.8,55.8,20,19.88987619
35.6,0,96.9,59.6,22.2,32.71523854
37.8,0,97,64.4,19.6,26.23887782
29.7,0,91.8,46.5,20.8,34.56935157
31.3,0,73.2,58.6,20,44.22569422
33,0,77.5,56.6,21.5,37.6688011
32.6,0,85.9,55.8,18.9,30.81853937
30.8,0,82.8,51.5,18.3,30.08570975
41,0,98.2,55,20.2,10.87708434
27.3,0,84.4,56.6,20.1,68.61390834
38.2,0,82.9,59.6,21.4,22.48776863
28.6,0,97.1,55.7,18.3,47.89853259
42.6,0,96.1,54.8,19.6,8.418471341
42.7,0,96.2,52.5,19.6,6.728458586
31.3,0,94.4,51.4,19.6,31.29696374
46.5,0,88.6,46.6,20,1.739446266
38.3,15.8,72.9,47.8,20.6,8.522642546
41,10,83.3,47,20,4.751173397
19,0,98.3,56.3,21.5,236.5652205
42.9,0,84.6,55.2,20.3,8.647849954
35.7,0,97.1,59.9,20,27.82572759
37.9,0,97.7,61.5,21.5,25.7901848
36.8,0,93.6,57.4,18.6,19.6541832
38.5,0,92.2,56.6,20,16.62492217
30.4,5.2,85.6,52.2,21.2,43.41385772
40.2,0,94,56.6,21.4,14.5739398
46.6,0,84.1,55.8,19.3,5.449954296
47.8,0,95,56.3,20.2,5.049380574
25,0,50,58.6,20.2,95.66553096
23.4,6.3,78.2,46.6,20.8,106.9413561
46.6,0,98.2,47,21.1,1.83548819
43.5,0,98.1,54.5,20.2,7.473333017
30.7,0,97.9,61.5,21.5,59.02187483
35.8,0,89.6,54.7,18.3,18.62471156
32.7,0,85.6,55.5,21.3,36.69439748
33,0,93.6,58,21.6,40.25718391
36.8,0,83.1,55.6,20.3,19.80391667
32.3,0,88.2,51.2,19.6,26.76930632
29.4,0,98.3,63.6,19.6,61.02961339
23.3,0,94.2,45.6,20.5,101.768867
28.4,0,95.4,52.2,20,51.20938716
35,0,96.9,58,21.6,31.26713117
37.1,0,97,54.7,19.3,16.82799566
29.6,0,96.3,54.7,18.2,40.41637695
45,0,97.3,55.8,19.6,6.743025973
31.4,0,97.1,56.6,21.5,46.45560212
43.2,0,96.6,57.8,19.3,9.781668773
32,0,97.3,55.5,18,30.52796547
33.9,0,97.7,55,20,27.36133022
23.4,26.3,52.2,43.5,21.5,114.2703236
28.7,0,88.5,52.2,20.3,50.63478354
31.1,0,89.6,55.9,20,41.00367853
28.7,0,97.3,56.6,24.3,90.85256441
28.8,0,97,52,23.3,70.41150951
25.7,0,94.3,51.4,19.6,70.35121048
33.8,0,90.9,64.6,20.3,41.85193001
33.1,0,93.9,64.8,19.6,43.03643502
27.4,0,96.3,61.5,19.6,72.20885199
34.1,0,97.6,56.6,20.8,30.78529311
34.4,0,95.5,57.8,19.9,29.2560518
27.9,0.2,97.6,64.8,18.3,65.77366198
24.8,0,94,52.4,20.3,89.21110129
30.1,0,96.9,54.9,19.6,43.27903556
27.4,0,95.52,55.8,20.3,67.75469977
32.1,0,94.6,54.7,19.6,33.04240221
27.9,0,93.8,52.5,21.6,66.55519485
31.7,0.4,96.7,66.6,20,53.56964395
35.8,0,97.2,55.6,20.3,22.55998662
38.4,0,96.4,54.4,19.6,14.16818031
39,0,94.9,52,20.3,11.27417963
35,0,96.2,54,19.6,21.68692683
39.7,0,96.9,54.5,18.6,11.38683189
32.3,0,88,54.5,20.6,34.75600726
37.4,0,93.4,58.9,20,21.72423002
22.3,2.1,90.5,45.3,21.5,145.6479808
23.9,2.8,84.1,47.5,20.6,96.69335474
28.7,0,92.6,43.5,20.7,33.84971905
40.8,0,95.4,55.8,20,11.74526109
34.9,0,95.2,55.2,20,24.26029919
31.5,0,94.4,56.4,19.6,38.41517898
35.7,0,96.5,54.8,19.6,20.73948381
6.5,0,51.6,47.9,20.3,1695.206707
39.5,0,95.6,55.8,20,13.8803148
27.4,0,94.9,56.6,22.2,84.81918001
17.2,0,97.8,54.4,19.6,233.4591052
21,0,95.8,62.3,21.5,179.8575486
17.6,0,93.6,57.5,20.2,234.2546152
21.9,0,92.7,59.6,21.5,161.9859302
43,0,91.9,62.8,24.2,18.09464838
43.3,0,97.7,46.9,20.3,3.186003233
33.7,0,96,67.4,19.6,43.77379545
29.5,0,97.3,54.8,19.6,46.62713084
43.8,0,93.3,52.8,18.5,5.715303048
33.1,0,96.5,55.8,20,31.58659239
46.3,0,97.1,56.6,20.7,6.397553831
28,0,96.3,57.4,19.6,61.17154945
32.8,0,95.9,55,20,31.61675335
19.5,0,96.2,54.7,20,181.648588
33.1,0,98.2,61.5,21.6,45.15591896
21.1,0,95.9,62,18.6,130.4316001
18.4,0,96.5,55.6,21.6,262.0917739
45.2,0,96.2,64.8,19.6,12.56303576
29,0,98.1,64.6,19.6,65.04043655
26.2,0,93.1,58.9,22.3,104.1347074
27.6,0,89,57.6,20.6,71.20894198
32.5,0,96.9,54.6,20.6,33.98656735
26,0,94,58.9,19.6,80.38010483
27.9,0,97.9,55.5,18.3,51.87436545
31.6,0,92.3,56.6,20.4,40.96596422
31.7,0,88.6,57.6,21.6,46.77630128
31.1,0,94.4,49.6,20.6,32.1513321
34.4,0,97.4,55.8,18.6,24.10062011
26.8,0,97,49.6,21.4,70.45954418
37.1,0,94.6,42.8,20.3,5.482098093
37.3,0,92.4,46.5,20.2,8.544040471
38.9,0,97.4,47.6,21.5,7.920463568
40.4,0,95.6,47.6,21,5.937327213
36.3,0,92.7,55.8,19.3,19.95649838
42,0,84.5,55.5,20.5,10.07822477
30.4,0,97.8,54.1,19.6,40.2837331
35.6,0,96.6,47.6,20.6,13.20384206
26.3,0,90.8,44.9,18.3,42.62680298
41.8,0,95,48.6,21.3,5.375997458
31.9,0,93.8,54.4,19.6,33.45177818
27,0,93.9,54.5,20.6,71.33962348
37.1,0,96.8,48.9,20.3,11.4041885
47.3,0,96.2,58.9,20,6.738622477
41.4,0,96.4,50.5,21.5,7.239658217
23.2,4.5,77.5,56.6,21.7,139.5065007
46.2,0,96.2,47.8,20.3,2.234201735
35.8,0,86.4,55.8,21.6,25.18012386
39.3,0,97.6,58.6,20,17.04806847
40.4,0,97.1,56.6,21.5,14.28388785
32.5,0,82.9,49.6,21,26.74479479
27.3,0,92.9,49.9,22.3,73.88807936
30.2,0,92.2,47.5,19,27.88995452
44.1,0,90.1,51.5,21.3,5.27675241
42,0,95,54.8,18.6,8.693938661
41.5,1.1,93.6,55.8,19.3,10.36339936
31.7,0,89.7,54.6,19.6,34.66316551
32.8,0,94,64.7,19.6,44.23854943
25.6,0,95.7,55.8,18.3,69.43732979
42.6,0,95.4,54.6,20.6,8.667985943
37.2,0,94.7,47.6,20,9.673875441
48.9,0,94.3,46.6,19.6,1.155420286
30.8,0,95.7,65.2,21,61.31317113
28.8,0,94.7,59.6,21.3,69.06917539
44.7,0,92.1,62.5,18.6,11.03674391
48.7,0,96.4,64.5,19.9,8.720728986
47.3,0,91.8,60.5,20.3,7.741276033
34.6,0,94.6,55.8,19,24.19148281
47.1,0,89.2,48.6,20.3,2.181617031
38.9,0,88.9,47.6,20,7.287241231
46.5,0,94.7,53.2,20,4.325347077
48,0,96.7,55.8,19.6,4.605875808
46.9,0,95.6,44,20,0.980688584
29.1,0,96.4,65.8,19,63.00199076
21.1,0,88.7,55,20,147.1190317
46.2,0,89.2,56.3,22.4,6.730401231
33.7,0,79.5,57.5,22.8,40.08457047
39.6,0,94.8,56.6,20.3,14.73642018
41.9,4.4,88.3,52.8,18.2,7.280926207
31.2,0.7,95,66.4,18.3,49.51355728
50.8,0,96.4,57.4,20.3,3.874898147
40.9,0,95,52.8,19.3,8.759473604
55.1,1.1,81.8,51.4,18.3,1.022375973
45.1,0,95.1,55.7,19.3,6.525365278
46.8,0,96.9,62.5,18,8.662717406
32.7,0,97.8,61.2,22.2,49.27738765
40.9,0,92.6,56.6,21.5,13.37800455
43.8,0,93.8,57,20.4,8.981076604
33.8,0,94.9,55.8,22.3,35.05287682
39.6,0,96.8,54,19.3,11.53067846
34.3,0,35,38,20.3,4.471650611
10.9,0,66.4,45.5,20.9,1102.706901
33.3,0,91.8,47.5,21,20.10413415
29.6,0,68.8,46.6,20.3,33.42657098
39.2,0,88.8,47.8,20.6,7.3194585
46,0,96.4,47.5,21,2.218044044
27.6,0,98.1,57.4,18.6,58.49251281
31.7,0,91.5,52.1,19.3,29.87297891
43.3,0,87.5,54.6,20.3,7.780107466
42.3,0,90.1,57.4,18.3,10.10026621
56.5,0,96.1,55.9,22.3,1.574820101
30.6,0,86.1,54.7,20.1,42.0975447
5.7,0,52.3,45.6,21.5,3467.722732
25.4,0,97.5,47.9,20.6,75.72369226
25,0,63.3,46.5,22.8,110.9232467
22.5,0,98.3,54.8,22.9,180.0928781
64.3,0,94.8,54.7,19.9,0.480677573
19,0,96.9,42.6,21,260.2597579
15.5,15.2,50.3,48.6,20.3,370.8989136
46.3,7.4,73.9,47.5,20.3,2.094250053
19.1,0,43.5,38.5,20.3,230.2265199
38.3,0,91.5,52.5,19.2,12.15369894
35.3,0,92.2,54.5,20,22.10955688
45.5,0,95.5,52.1,19.3,4.313670516
36.1,0,88.9,52.2,18.2,15.09381157
34.4,0,95.6,57.4,19.3,27.46439259
39.3,0,95.5,52.8,18.3,10.34071228
37.6,0,91.3,55.8,13.3,12.25523867
46.9,0,89.4,54.8,8.6,3.753819726
14.8,4,66.4,47.4,20,406.9541893
32.1,0,89.9,46.6,20.8,22.67535497
44.3,0,95.8,52.8,19.6,5.550367368
48.3,0,92.4,54.7,20,3.99323789
48,4,75.7,46.8,20.6,1.384875449
30.5,0,84.8,57.4,23.5,65.762148
24.5,0,90.9,54.5,19.6,89.12323981
36.5,0,97.1,52.8,18.6,15.30907406
37.5,0,90.4,54.8,17.3,14.27041747
36.3,0,97.7,48.6,21.3,13.57986212
13,0,57.7,42.2,21.6,1159.782391
24.1,0,97.9,67.4,22.3,141.4894923
36.1,0,94.5,52.1,20.3,17.29644207
32,0,98,57.4,21.3,43.4888638
43.5,0,96.1,52.2,19.6,5.834306828
33.8,0,93.4,52.8,18.9,22.51494161
42.6,0,92.3,52.8,19.6,7.024344243
41.1,0,91.1,54.9,20.2,10.6491547
45.3,0,88.7,55.8,20.8,6.794628003
35.4,0,88.5,54.7,19.3,20.98745668
40.4,0,88.9,54.4,18.3,10.17591788
11.2,0,97.6,54.1,19,472.4418502
12.4,0,94.8,52.1,18.2,373.4325818
42.2,0,85.9,52.8,18.6,7.112533809
46.7,0,81.7,46.6,20.8,1.679418791
46.3,0,92.1,55.8,19.6,5.716361716
20.4,4.3,63.4,52.1,18.3,127.7441267
28.1,7,78.4,54.5,20.9,63.4458226
31.7,6.6,80.9,54.8,19.6,34.97775849
32.5,0,85.6,57.4,19.9,36.24707511
32.5,0,91.1,54.5,18.3,27.98211728
48.1,0,84.3,55.5,22.3,4.7658232
41,0,92.9,52.8,21.3,9.576108722
47.2,0,74,54,20.6,4.361016741
47,0,73.9,45.6,21.5,1.308763992
46.2,0,84.1,42.7,18.6,0.87659943
40,0,78.3,45.8,20.6,4.927815418
42.9,0,81.3,47.6,21,3.853466246
28.8,0,87.7,52,21,53.43677014
15.2,0,37.7,35.2,21.5,1409.383393
